{"stats":{"minecraft:picked_up":{"minecraft:crafting_table":2,"minecraft:iron_chestplate":1,"minecraft:glow_ink_sac":2,"minecraft:andesite":15,"minecraft:tuff":4,"minecraft:oak_log":13,"minecraft:dirt":59,"minecraft:string":4,"minecraft:raw_copper":1,"minecraft:iron_leggings":1,"epicsamurai:jade":1,"minecraft:bone":4,"minecraft:wheat_seeds":3,"minecraft:cobbled_deepslate":168,"minecraft:raw_gold":3,"minecraft:beef":3,"minecraft:iron_pickaxe":1,"epicsamurai:raw_silver":17,"minecraft:iron_sword":1,"minecraft:iron_boots":1,"epicsamurai:onyx":7,"minecraft:stick":5,"minecraft:raw_iron":26,"minecraft:torch":83,"minecraft:green_bed":1,"epicfight:skillbook":1,"minecraft:porkchop":7,"minecraft:spruce_sapling":6,"minecraft:diorite":44,"minecraft:spruce_log":26,"minecraft:arrow":10,"minecraft:rotten_flesh":5,"minecraft:diamond":2,"minecraft:iron_helmet":1,"evilcraft:dark_gem":9,"minecraft:hay_block":27,"minecraft:granite":8,"everlastingabilities:ability_bottle":1,"minecraft:oak_sapling":1,"minecraft:coal":2,"minecraft:white_wool":2,"minecraft:cobblestone":230},"minecraft:killed":{"minecraft:pig":4,"minecraft:spider":2,"minecraft:skeleton":5,"minecraft:zombie":6,"minecraft:cow":1},"minecraft:dropped":{"minecraft:wheat_seeds":1},"minecraft:custom":{"minecraft:interact_with_furnace":10,"minecraft:mob_kills":18,"minecraft:interact_with_crafting_table":14,"minecraft:leave_game":7,"minecraft:time_since_death":6152,"minecraft:sleep_in_bed":3,"minecraft:waystone_activated":1,"minecraft:time_since_rest":6484,"minecraft:sprint_one_cm":365165,"minecraft:damage_taken":3420,"minecraft:walk_one_cm":893652,"minecraft:drop":1,"minecraft:damage_dealt":3348,"minecraft:swim_one_cm":1267,"minecraft:fly_one_cm":360682,"minecraft:open_chest":21,"minecraft:crouch_one_cm":29391,"minecraft:play_time":126608,"minecraft:deaths":5,"minecraft:sneak_time":3195,"minecraft:walk_under_water_one_cm":4367,"minecraft:jump":2076,"minecraft:walk_on_water_one_cm":60938,"minecraft:total_world_time":126608,"minecraft:fall_one_cm":34387},"minecraft:broken":{"minecraft:stone_pickaxe":3,"minecraft:wooden_axe":1},"minecraft:killed_by":{"minecraft:skeleton":2,"minecraft:creeper":2,"minecraft:zombie":1},"minecraft:crafted":{"minecraft:wooden_sword":1,"minecraft:oak_planks":32,"minecraft:crafting_table":2,"minecraft:spruce_planks":56,"minecraft:wooden_pickaxe":1,"minecraft:iron_sword":1,"minecraft:furnace":1,"minecraft:bread":82,"minecraft:air":0,"minecraft:charcoal":12,"minecraft:stick":24,"minecraft:iron_ingot":4,"minecraft:stone_pickaxe":5,"minecraft:wooden_axe":2,"minecraft:chest":2,"minecraft:torch":44,"minecraft:wheat":243},"minecraft:mined":{"minecraft:tuff":2,"epicsamurai:deepslate_onyx_ore":7,"minecraft:deepslate_diamond_ore":2,"minecraft:crafting_table":2,"minecraft:torch":4,"minecraft:glow_lichen":1,"minecraft:granite":8,"minecraft:grass_block":15,"minecraft:tall_grass":2,"minecraft:cobblestone":3,"minecraft:spruce_leaves":10,"minecraft:deepslate_gold_ore":4,"minecraft:diorite":44,"minecraft:wall_torch":15,"minecraft:hay_block":28,"epicsamurai:deepslate_jade_ore":1,"realmrpg_skeletons:bow_skeleton":1,"minecraft:iron_ore":12,"minecraft:fire":2,"minecraft:spruce_log":26,"minecraft:andesite":14,"evilcraft:dark_ore":2,"minecraft:grass":6,"minecraft:oak_log":13,"minecraft:coal_ore":2,"minecraft:deepslate_iron_ore":16,"epicsamurai:deepslate_silver_ore":17,"minecraft:dirt":26,"regions_unexplored:medium_grass":8,"minecraft:stone":215,"minecraft:white_wool":2,"minecraft:oak_leaves":12,"minecraft:deepslate":166,"minecraft:green_bed":1,"minecraft:fern":2},"minecraft:used":{"epicfight:skillbook":1,"minecraft:diorite":13,"minecraft:stone_pickaxe":435,"minecraft:chest":2,"minecraft:wooden_pickaxe":29,"minecraft:iron_sword":53,"minecraft:green_bed":1,"simpletomb:grave_key":43,"minecraft:torch":110,"minecraft:white_wool":2,"minecraft:dirt":37,"minecraft:crafting_table":3,"minecraft:wooden_axe":76,"minecraft:bread":45,"minecraft:iron_pickaxe":87,"minecraft:cobblestone":41,"minecraft:furnace":1,"minecraft:andesite":8}},"DataVersion":3465}