{"stats":{"minecraft:used":{"minecraft:diorite":13,"minecraft:stone_pickaxe":400,"minecraft:chest":2,"minecraft:wooden_pickaxe":29,"minecraft:iron_sword":2,"minecraft:green_bed":1,"simpletomb:grave_key":16,"minecraft:white_wool":2,"minecraft:torch":42,"minecraft:dirt":22,"minecraft:crafting_table":3,"minecraft:wooden_axe":76,"minecraft:bread":20,"minecraft:iron_pickaxe":13,"minecraft:cobblestone":3,"minecraft:furnace":1,"minecraft:andesite":8},"minecraft:killed_by":{"minecraft:zombie":1},"minecraft:picked_up":{"minecraft:iron_chestplate":1,"minecraft:crafting_table":2,"minecraft:andesite":15,"minecraft:tuff":2,"minecraft:oak_log":13,"minecraft:dirt":57,"minecraft:iron_leggings":1,"minecraft:bone":2,"minecraft:wheat_seeds":3,"minecraft:cobbled_deepslate":111,"minecraft:raw_gold":2,"minecraft:beef":3,"minecraft:iron_pickaxe":1,"epicsamurai:raw_silver":4,"minecraft:iron_sword":1,"minecraft:iron_boots":1,"minecraft:stick":5,"minecraft:raw_iron":4,"minecraft:torch":70,"minecraft:green_bed":1,"minecraft:porkchop":7,"minecraft:spruce_sapling":6,"minecraft:diorite":44,"minecraft:spruce_log":26,"minecraft:arrow":6,"minecraft:rotten_flesh":1,"minecraft:iron_helmet":1,"minecraft:hay_block":27,"minecraft:granite":8,"everlastingabilities:ability_bottle":1,"minecraft:coal":2,"minecraft:oak_sapling":1,"minecraft:cobblestone":226,"minecraft:white_wool":2},"minecraft:mined":{"minecraft:tuff":2,"minecraft:glow_lichen":1,"minecraft:crafting_table":2,"minecraft:torch":2,"minecraft:granite":8,"minecraft:grass_block":15,"minecraft:tall_grass":2,"minecraft:cobblestone":1,"minecraft:spruce_leaves":10,"minecraft:deepslate_gold_ore":3,"minecraft:diorite":44,"minecraft:wall_torch":4,"minecraft:hay_block":28,"realmrpg_skeletons:bow_skeleton":1,"minecraft:fire":2,"minecraft:iron_ore":6,"minecraft:spruce_log":26,"minecraft:andesite":14,"minecraft:grass":6,"minecraft:coal_ore":2,"minecraft:oak_log":13,"epicsamurai:deepslate_silver_ore":4,"minecraft:dirt":24,"regions_unexplored:medium_grass":8,"minecraft:stone":213,"minecraft:white_wool":2,"minecraft:oak_leaves":12,"minecraft:deepslate":111,"minecraft:green_bed":1,"minecraft:fern":2},"minecraft:killed":{"minecraft:pig":4,"minecraft:zombie":1,"minecraft:cow":1},"minecraft:custom":{"minecraft:interact_with_furnace":10,"minecraft:mob_kills":6,"minecraft:interact_with_crafting_table":14,"minecraft:leave_game":4,"minecraft:time_since_death":63099,"minecraft:sleep_in_bed":3,"minecraft:time_since_rest":13971,"minecraft:waystone_activated":1,"minecraft:sprint_one_cm":291328,"minecraft:damage_taken":820,"minecraft:walk_one_cm":357068,"minecraft:drop":1,"minecraft:damage_dealt":697,"minecraft:swim_one_cm":1267,"minecraft:fly_one_cm":301446,"minecraft:open_chest":18,"minecraft:crouch_one_cm":12922,"minecraft:play_time":74002,"minecraft:deaths":1,"minecraft:sneak_time":1469,"minecraft:walk_under_water_one_cm":3468,"minecraft:jump":1167,"minecraft:walk_on_water_one_cm":12067,"minecraft:total_world_time":74002,"minecraft:fall_one_cm":24409},"minecraft:dropped":{"minecraft:wheat_seeds":1},"minecraft:crafted":{"minecraft:wooden_sword":1,"minecraft:oak_planks":32,"minecraft:crafting_table":2,"minecraft:spruce_planks":56,"minecraft:wooden_pickaxe":1,"minecraft:iron_sword":1,"minecraft:furnace":1,"minecraft:bread":82,"minecraft:air":0,"minecraft:charcoal":12,"minecraft:stick":24,"minecraft:iron_ingot":4,"minecraft:stone_pickaxe":5,"minecraft:wooden_axe":2,"minecraft:chest":2,"minecraft:torch":40,"minecraft:wheat":243},"minecraft:broken":{"minecraft:stone_pickaxe":3,"minecraft:wooden_axe":1}},"DataVersion":3465}