{"stats":{"minecraft:dropped":{"minecraft:wheat_seeds":1},"minecraft:mined":{"minecraft:hay_block":6},"minecraft:custom":{"minecraft:jump":14,"minecraft:open_chest":1,"minecraft:time_since_rest":4419,"minecraft:leave_game":1,"minecraft:crouch_one_cm":529,"minecraft:sprint_one_cm":8142,"minecraft:play_time":4419,"minecraft:damage_taken":20,"minecraft:time_since_death":4419,"minecraft:walk_one_cm":9507,"minecraft:sneak_time":79,"minecraft:total_world_time":4419,"minecraft:drop":1,"minecraft:fall_one_cm":822,"minecraft:fly_one_cm":3308},"minecraft:picked_up":{"everlastingabilities:ability_bottle":1,"minecraft:wheat_seeds":1,"minecraft:hay_block":6}},"DataVersion":3465}