{"stats":{"minecraft:killed_by":{"minecraft:pillager":2,"mythicmounts:dragon":1,"mutantmonsters:mutant_skeleton":1,"minecraft:skeleton":1,"guardvillagers:guard":1},"minecraft:custom":{"minecraft:interact_with_crafting_table":97,"minecraft:open_barrel":81,"minecraft:bell_ring":3,"minecraft:leave_game":3,"minecraft:time_since_death":96098,"minecraft:sprint_one_cm":1653690,"minecraft:damage_blocked_by_shield":6045,"minecraft:drop":40,"minecraft:play_noteblock":3,"minecraft:play_time":505588,"minecraft:deaths":6,"minecraft:jump":5027,"minecraft:walk_on_water_one_cm":31940,"minecraft:interact_with_furnace":41,"minecraft:traded_with_villager":350,"minecraft:sleep_in_bed":26,"minecraft:waystone_activated":6,"minecraft:damage_dealt":4805,"minecraft:crouch_one_cm":269418,"minecraft:interact_with_smoker":1,"minecraft:inspect_dispenser":2,"minecraft:interact_with_smithing_table":8,"minecraft:mob_kills":24,"minecraft:climb_one_cm":136021,"minecraft:walk_one_cm":2835615,"minecraft:sneak_time":33530,"minecraft:walk_under_water_one_cm":15061,"minecraft:interact_with_blast_furnace":4,"minecraft:total_world_time":505588,"minecraft:raid_trigger":1,"minecraft:time_since_rest":45,"minecraft:damage_taken":3722,"minecraft:use_wand":810,"minecraft:swim_one_cm":62018,"minecraft:fly_one_cm":1735482,"minecraft:open_chest":312,"minecraft:fall_one_cm":110522},"minecraft:killed":{"minecraft:witch":1,"minecraft:spider":1,"minecraft:skeleton":1,"minecraft:pig":5,"minecraft:pillager":13,"minecraft:zombie":1,"minecraft:cow":2},"minecraft:broken":{"minecraft:stone_pickaxe":1,"minecraft:shield":1},"minecraft:mined":{"valhelsia_structures:light_gray_sleeping_bag":4,"minecraft:spruce_planks":20,"minecraft:farmland":29,"regions_unexplored:maple_log":70,"projectexpansion:basic_emc_link":1,"minecraft:cherry_log":28,"minecraft:brewing_stand":1,"minecraft:obsidian":1,"minecraft:granite":54,"minecraft:grass_block":395,"valhelsia_structures:gray_sleeping_bag":1,"minecraft:light_gray_bed":3,"minecraft:coal_block":3,"regions_unexplored:purple_coneflower":7,"minecraft:chiseled_stone_bricks":1,"minecraft:magma_block":1,"minecraft:raw_iron_block":5,"minecraft:mossy_cobblestone_slab":19,"minecraft:mossy_cobblestone_stairs":10,"minecraft:iron_ore":8,"minecraft:fire":3,"minecraft:barrel":4,"regions_unexplored:mossy_stone":8,"minecraft:target":1,"minecraft:fletching_table":2,"minecraft:azure_bluet":1,"diagonalfences:minecraft/spruce_fence":19,"minecraft:dirt_path":4,"minecraft:iron_bars":2,"minecraft:potted_cornflower":1,"ecologics:walnut_log":16,"minecraft:blue_orchid":1,"minecraft:green_bed":2,"minecraft:jungle_trapdoor":3,"minecraft:deepslate_redstone_ore":4,"valhelsia_structures:glazed_jar":2,"valhelsia_structures:explorers_tent":1,"minecraft:blackstone":10,"regions_unexplored:tall_cobalt_earlight":1,"minecraft:cyan_glazed_terracotta":6,"minecraft:note_block":1,"minecraft:torch":4,"minecraft:jungle_stairs":1,"minecraft:blast_furnace":2,"minecraft:mossy_cobblestone_wall":1,"minecraft:poppy":2,"minecraft:melon":2,"minecraft:chest":6,"minecraft:smooth_quartz_slab":1,"minecraft:cobblestone":76,"minecraft:grindstone":2,"minecraft:sugar_cane":3,"minecraft:oak_planks":29,"minecraft:bricks":2,"minecraft:wall_torch":2,"minecraft:skeleton_skull":1,"minecraft:pink_petals":1,"minecraft:stone_stairs":1,"regions_unexplored:hyssop":2,"minecraft:birch_log":55,"minecraft:wheat":6,"minecraft:lilac":1,"minecraft:grass":32,"regions_unexplored:oak_shrub":4,"minecraft:oak_log":51,"minecraft:beetroots":1,"minecraft:acacia_fence":11,"minecraft:loom":1,"minecraft:dirt":189,"minecraft:dispenser":1,"minecraft:stonecutter":1,"regions_unexplored:cobalt_nylium":7,"minecraft:netherrack":1,"minecraft:oak_leaves":7,"minecraft:deepslate":26,"realmrpg_skeletons:waterdrop_skeleton":1,"projectexpansion:basic_collector":5,"minecraft:deepslate_diamond_ore":3,"minecraft:candle":1,"farmersdelight:wild_carrots":1,"minecraft:jack_o_lantern":1,"minecraft:purple_terracotta":1,"epicsamurai:deepslate_ruby_ore":8,"minecraft:spruce_fence":22,"regions_unexplored:maple_leaves":3,"minecraft:cartography_table":1,"regions_unexplored:cobalt_log":2,"valhelsia_structures:brown_sleeping_bag":2,"minecraft:hay_block":19,"travelersbackpack:bat":1,"minecraft:acacia_trapdoor":4,"minecraft:furnace":2,"minecraft:carrots":7,"valhelsia_structures:red_glazed_jar":1,"regions_unexplored:waratah":1,"minecraft:acacia_stairs":8,"minecraft:bookshelf":9,"minecraft:potatoes":3,"minecraft:vine":6,"minecraft:lantern":6,"minecraft:stripped_acacia_log":37,"regions_unexplored:medium_grass":25,"minecraft:stone":334,"minecraft:smithing_table":1,"projectexpansion:basic_relay":1,"minecraft:redstone_block":5,"minecraft:cherry_planks":5,"minecraft:basalt":6,"minecraft:crafting_table":1,"minecraft:emerald_ore":28,"valhelsia_structures:black_glazed_jar":2,"ecologics:walnut_leaves":9,"minecraft:rose_bush":3,"minecraft:lectern":3,"minecraft:campfire":1,"minecraft:stone_slab":1,"minecraft:tall_grass":2,"valhelsia_structures:big_cyan_glazed_jar":2,"minecraft:deepslate_gold_ore":2,"minecraft:diorite":66,"minecraft:blue_bed":1,"minecraft:orange_carpet":1,"projecte:transmutation_table":8,"minecraft:magenta_terracotta":1,"minecraft:birch_leaves":32,"minecraft:quartz_pillar":2,"minecraft:yellow_bed":1,"minecraft:coal_ore":78,"minecraft:cobweb":5,"minecraft:cracked_stone_bricks":1,"minecraft:terracotta":5,"minecraft:polished_andesite":1,"minecraft:stone_bricks":1,"minecraft:chipped_anvil":1,"minecraft:mossy_stone_bricks":3},"minecraft:crafted":{"projectexpansion:basic_emc_link":1,"securitycraft:username_logger":1,"minecraft:oak_planks":48,"projectexpansion:dark_emc_link":1,"ecologics:walnut_planks":52,"projecte:alchemical_chest":1,"projecte:high_covalence_dust":40,"minecraft:stone":8,"securitycraft:keypad_item":1,"minecraft:heavy_weighted_pressure_plate":2,"travelersbackpack:bat":3,"projecte:dark_matter_block":10,"securitycraft:laser_block":1,"minecraft:glass":4,"minecraft:bow":1,"minecraft:iron_boots":2,"minecraft:chest":4,"minecraft:iron_door":3,"projecte:transmutation_table":2,"projecte:aeternalis_fuel_block":1,"minecraft:stone_bricks":64,"projecte:dark_matter":1,"travelersbackpack:iron_tier_upgrade":4,"minecraft:emerald":350,"projecte:transmutation_tablet":1,"minecraft:cooked_porkchop":8,"projectexpansion:red_collector":1,"projecte:red_matter":1,"minecraft:diamond_axe":1,"minecraft:crafting_table":2,"projecte:mobius_fuel":16,"minecraft:baked_potato":17,"projecte:philosophers_stone":1,"minecraft:smithing_table":1,"mob_catcher:diamond_mob_catcher":1,"securitycraft:reinforced_spruce_fence":48,"beautify:rope":1,"projectexpansion:dark_collector":1,"minecraft:dispenser":1,"minecraft:iron_chestplate":1,"minecraft:paper":3,"minecraft:diamond_pickaxe":1,"minecraft:shield":3,"minecraft:stick":144,"minecraft:iron_ingot":44,"projecte:medium_covalence_dust":40,"minecraft:iron_pickaxe":3,"minecraft:stone_sword":2,"securitycraft:whitelist_module":1,"minecraft:redstone_torch":3,"projecte:condenser_mk1":1,"minecraft:shears":2,"securitycraft:universal_block_reinforcer_lvl1":1,"minecraft:cherry_planks":32,"minecraft:raw_iron":45,"securitycraft:sentry":1,"minecraft:tripwire_hook":2,"minecraft:furnace":2,"minecraft:stone_button":3,"travelersbackpack:blank_upgrade":4,"travelersbackpack:gold_tier_upgrade":1,"minecraft:diamond_block":1,"minecraft:glass_pane":16,"projecte:aeternalis_fuel":1,"minecraft:iron_axe":1,"securitycraft:universal_block_remover":1,"projectexpansion:dark_relay":1,"minecraft:redstone_block":2,"travelersbackpack:diamond_tier_upgrade":1,"projectexpansion:basic_collector":1,"minecraft:wheat":225,"securitycraft:portable_radar":2,"projectexpansion:basic_relay":1,"constructionwand:diamond_wand":1,"minecraft:diamond_sword":1,"securitycraft:universal_block_modifier":1,"travelersbackpack:backpack_tank":2,"minecraft:iron_sword":2,"minecraft:glowstone":16,"projecte:low_covalence_dust":40,"minecraft:bread":75,"minecraft:air":0,"projecte:dm_shovel":1,"projecte:alchemical_coal":16,"securitycraft:remote_access_sentry":1,"minecraft:iron_leggings":2,"magnumtorch:emerald_magnum_torch":1},"minecraft:dropped":{"minecraft:glass_bottle":12,"minecraft:diamond":9,"constructionwand:diamond_wand":3,"minecraft:sand":255,"minecraft:honey_bottle":16,"minecraft:bread":22,"minecraft:wheat_seeds":1,"minecraft:iron_helmet":1,"relics:midnight_robe":2,"simplyswords:diamond_warglaive":1,"minecraft:wooden_axe":1,"minecraft:iron_leggings":1,"securitycraft:sc_manual":1,"minecraft:stone_sword":1,"minecraft:iron_boots":1,"regions_unexplored:hyssop":2,"mob_catcher:diamond_mob_catcher":1,"securitycraft:universal_block_remover":1,"projecte:dm_shovel":1,"minecraft:shield":2,"aether:iron_gloves":2,"minecraft:diamond_pickaxe":1,"valhelsia_structures:brown_sleeping_bag":1,"securitycraft:universal_block_reinforcer_lvl1":1},"minecraft:used":{"minecraft:ladder":140,"minecraft:chest":8,"minecraft:shield":78,"minecraft:iron_sword":16,"securitycraft:username_logger":2,"mob_catcher:diamond_mob_catcher":19,"securitycraft:keypad_item":3,"minecraft:carrot":9,"minecraft:honey_bottle":34,"minecraft:lava_bucket":3,"minecraft:iron_helmet":1,"securitycraft:reinforced_spruce_fence":4,"minecraft:furnace":2,"projectexpansion:dark_relay":1,"magnumtorch:emerald_magnum_torch":3,"minecraft:stripped_acacia_log":2,"securitycraft:reinforced_spruce_planks":3,"minecraft:stone_pickaxe":213,"minecraft:oak_planks":44,"minecraft:blackstone":1,"minecraft:redstone_block":6,"minecraft:blue_bed":1,"minecraft:diamond_axe":406,"minecraft:sand":1,"projectexpansion:red_collector":1,"simplyswords:diamond_warglaive":14,"securitycraft:universal_block_remover":58,"waystones:waystone":3,"projecte:transmutation_table":11,"projectexpansion:basic_emc_link":1,"minecraft:bread":29,"minecraft:stone_button":2,"minecraft:iron_door":1,"minecraft:lilac":1,"projectexpansion:basic_relay":1,"securitycraft:reinforced_stripped_acacia_log":15,"minecraft:smithing_table":2,"projecte:dm_shovel":546,"minecraft:rose_bush":1,"minecraft:stone_sword":43,"minecraft:flint_and_steel":8,"minecraft:spruce_planks":14,"projectexpansion:dark_collector":1,"travelersbackpack:bat":4,"valhelsia_structures:light_gray_sleeping_bag":3,"simpletomb:grave_key":5,"minecraft:netherrack":7,"minecraft:torch":33,"minecraft:dirt":905,"securitycraft:reinforced_stone":3,"projectexpansion:basic_collector":5,"minecraft:spruce_fence":120,"minecraft:wooden_axe":53,"minecraft:iron_axe":47,"securitycraft:universal_block_modifier":13,"projectexpansion:dark_emc_link":1,"spawn:sunflower_seeds":2,"minecraft:barrel":2,"securitycraft:remote_access_sentry":5,"securitycraft:sentry":17,"constructionwand:diamond_wand":39,"minecraft:cobbled_deepslate":28,"minecraft:light_gray_bed":6,"minecraft:water_bucket":3,"minecraft:cherry_planks":8,"minecraft:fletching_table":4,"minecraft:green_bed":1,"minecraft:terracotta":2,"securitycraft:reinforced_stone_bricks":621,"minecraft:crafting_table":7,"minecraft:oak_log":1,"minecraft:diamond_pickaxe":596,"minecraft:apple":2,"minecraft:iron_pickaxe":73,"valhelsia_structures:brown_sleeping_bag":1,"minecraft:stone_axe":21,"minecraft:cobblestone":49,"minecraft:cooked_porkchop":28,"minecraft:bucket":7},"minecraft:picked_up":{"minecraft:wheat":8,"minecraft:iron_chestplate":1,"constructionwand:diamond_wand":2,"securitycraft:keypad_item":1,"travelersbackpack:bat":1,"minecraft:redstone_block":4,"minecraft:flower_pot":1,"minecraft:smithing_table":1,"minecraft:stone_slab":1,"aether:iron_gloves":1,"minecraft:brewing_stand":1,"minecraft:string":7,"minecraft:iron_leggings":1,"minecraft:armor_stand":3,"minecraft:tnt_minecart":1,"minecraft:cobbled_deepslate":31,"securitycraft:reinforced_spruce_planks":2,"minecraft:spruce_planks":11,"minecraft:white_tulip":1,"minecraft:rose_bush":4,"minecraft:melon_slice":11,"minecraft:coal_block":3,"valhelsia_structures:light_gray_sleeping_bag":5,"minecraft:iron_boots":1,"minecraft:furnace":2,"minecraft:acacia_fence":2,"minecraft:stick":35,"projectexpansion:basic_collector":5,"valhelsia_structures:gray_sleeping_bag":1,"ecologics:walnut_log":13,"minecraft:torch":9,"minecraft:green_bed":2,"minecraft:porkchop":14,"epicfight:skillbook":1,"minecraft:target":1,"minecraft:cherry_log":28,"minecraft:diorite":53,"minecraft:rotten_flesh":5,"minecraft:light_gray_bed":3,"minecraft:obsidian":5,"minecraft:iron_bars":2,"minecraft:cobblestone":366,"minecraft:birch_log":49,"ecologics:walnut":3,"minecraft:magma_block":1,"minecraft:mossy_cobblestone_slab":21,"minecraft:lilac":3,"minecraft:cherry_planks":5,"minecraft:water_bucket":1,"minecraft:orange_carpet":1,"minecraft:potato":21,"minecraft:lantern":12,"minecraft:dirt":903,"regions_unexplored:cobalt_roots":3,"securitycraft:sentry":9,"securitycraft:reinforced_stone_button":2,"minecraft:bone":5,"minecraft:chipped_anvil":1,"minecraft:stonecutter":1,"minecraft:wheat_seeds":47,"minecraft:raw_gold":1,"minecraft:grindstone":2,"everlastingabilities:ability_totem":1,"minecraft:mossy_stone_bricks":1,"minecraft:fletching_table":2,"minecraft:glowstone_dust":72,"minecraft:oak_planks":28,"minecraft:loom":1,"securitycraft:reinforced_stone":67,"securitycraft:reinforced_dispenser":1,"minecraft:acacia_stairs":1,"minecraft:barrel":3,"minecraft:mossy_cobblestone":9,"minecraft:polished_andesite":1,"minecraft:stripped_acacia_log":24,"regions_unexplored:hyssop":2,"minecraft:dispenser":1,"minecraft:diamond":14,"waystones:waystone":3,"minecraft:bricks":2,"projectexpansion:basic_emc_link":1,"minecraft:crossbow":1,"minecraft:granite":42,"minecraft:jack_o_lantern":1,"projectexpansion:basic_relay":1,"minecraft:spruce_button":3,"minecraft:bread":7,"projecte:transmutation_table":8,"minecraft:emerald":27,"minecraft:chainmail_helmet":1,"minecraft:oak_sapling":5,"epicsamurai:ruby":8,"regions_unexplored:cobalt_log":2,"minecraft:netherrack":8,"minecraft:charcoal":2,"minecraft:crafting_table":1,"minecraft:azure_bluet":1,"minecraft:ladder":4,"minecraft:brown_mushroom":1,"valhelsia_structures:brown_sleeping_bag":2,"minecraft:shield":1,"minecraft:cornflower":1,"minecraft:jungle_trapdoor":3,"minecraft:stone_stairs":1,"minecraft:moss_carpet":5,"minecraft:iron_axe":1,"minecraft:blackstone":9,"ecologics:walnut_sapling":5,"minecraft:blue_orchid":1,"securitycraft:reinforced_stripped_acacia_log":11,"minecraft:cracked_stone_bricks":1,"minecraft:cartography_table":1,"minecraft:candle":3,"minecraft:mossy_cobblestone_wall":1,"minecraft:beef":4,"minecraft:poppy":2,"minecraft:lectern":3,"minecraft:sugar_cane":8,"minecraft:chest":6,"minecraft:birch_sapling":4,"minecraft:phantom_membrane":1,"minecraft:raw_iron":8,"securitycraft:reinforced_cobblestone":64,"minecraft:cyan_glazed_terracotta":6,"minecraft:spruce_fence":32,"minecraft:note_block":2,"minecraft:carrot":25,"minecraft:redstone":17,"valhelsia_structures:explorers_tent":1,"regions_unexplored:purple_coneflower":68,"minecraft:arrow":2,"regions_unexplored:maple_sapling":2,"minecraft:jungle_stairs":1,"minecraft:hay_block":19,"securitycraft:reinforced_stone_bricks":67,"everlastingabilities:ability_bottle":1,"minecraft:gold_ingot":3,"minecraft:skeleton_skull":1,"minecraft:oxeye_daisy":1,"securitycraft:username_logger":1,"minecraft:basalt":6,"minecraft:leather":2,"securitycraft:sc_manual":1,"minecraft:oak_log":48,"minecraft:yellow_bed":1,"minecraft:gunpowder":2,"relics:midnight_robe":1,"minecraft:blue_bed":1,"minecraft:white_banner":2,"regions_unexplored:tall_cobalt_earlight":1,"regions_unexplored:waratah":1,"minecraft:apple":2,"minecraft:acacia_trapdoor":3,"minecraft:cobweb":9,"minecraft:book":27,"minecraft:chiseled_stone_bricks":1,"minecraft:dandelion":1,"minecraft:raw_iron_block":5,"regions_unexplored:oak_shrub":5,"minecraft:blast_furnace":2,"securitycraft:reinforced_iron_block":1,"securitycraft:whitelist_module":1,"spawn:sunflower_seeds":2,"minecraft:chainmail_leggings":2,"minecraft:iron_helmet":2,"regions_unexplored:maple_log":59,"minecraft:mossy_cobblestone_stairs":10,"minecraft:terracotta":5,"minecraft:coal":72}},"DataVersion":3465}