{"stats":{"minecraft:used":{"projectexpansion:magenta_relay":2,"minecraft:ladder":140,"minecraft:chest":16,"securitycraft:username_logger":2,"mob_catcher:diamond_mob_catcher":40,"projecte:rm_katar":366,"securitycraft:keypad_item":6,"minecraft:lava_bucket":3,"projecte:rm_morning_star":2754,"minecraft:furnace":5,"magnumtorch:emerald_magnum_torch":9,"minecraft:spruce_door":1,"securitycraft:reinforced_spruce_planks":3,"minecraft:blackstone":1,"securitycraft:keypad_frame":1,"projectexpansion:pink_emc_link":3,"minecraft:golden_apple":4,"minecraft:sand":1,"simplyswords:diamond_warglaive":116,"securitycraft:universal_block_remover":233,"projectexpansion:red_emc_link":2,"projecte:transmutation_table":16,"projectexpansion:basic_emc_link":1,"minecraft:stone_button":4,"minecraft:lectern":1,"minecraft:polished_granite":6,"minecraft:lilac":1,"securitycraft:reinforced_stripped_acacia_log":15,"minecraft:smithing_table":2,"projecte:dm_shovel":824,"projectexpansion:violet_relay":1,"minecraft:enchanting_table":6,"minecraft:stone_sword":43,"projectexpansion:magenta_emc_link":1,"valhelsia_structures:light_gray_sleeping_bag":3,"travelersbackpack:bat":4,"minecraft:netherrack":7,"minecraft:orange_bed":4,"minecraft:torch":70,"minecraft:brewing_stand":1,"simplyswords:soulrender":2,"projectexpansion:basic_collector":5,"minecraft:iron_axe":47,"securitycraft:universal_block_modifier":14,"projectexpansion:dark_emc_link":4,"spawn:sunflower_seeds":2,"minecraft:barrel":2,"constructionwand:diamond_wand":212,"minecraft:cobbled_deepslate":28,"minecraft:water_bucket":3,"minecraft:cherry_planks":8,"minecraft:fletching_table":8,"securitycraft:reinforced_stone_bricks":1001,"minecraft:cyan_glazed_terracotta":4,"minecraft:crafting_table":10,"minecraft:oak_log":1,"minecraft:diamond_pickaxe":727,"minecraft:iron_pickaxe":73,"projectexpansion:red_relay":1,"valhelsia_structures:brown_sleeping_bag":2,"minecraft:cobblestone":49,"minecraft:cooked_porkchop":70,"projectexpansion:violet_collector":1,"projectexpansion:magenta_collector":11,"minecraft:shield":85,"minecraft:iron_sword":16,"minecraft:carrot":9,"minecraft:honey_bottle":34,"minecraft:iron_helmet":1,"securitycraft:reinforced_spruce_fence":4,"projectexpansion:dark_relay":4,"minecraft:stripped_acacia_log":2,"minecraft:stone_pickaxe":213,"minecraft:oak_planks":44,"minecraft:redstone_block":6,"minecraft:diamond_axe":583,"minecraft:blue_bed":1,"projectexpansion:pink_collector":2,"projectexpansion:red_collector":7,"projecte:rm_pick":416,"minecraft:shears":22,"waystones:waystone":3,"minecraft:cyan_bed":4,"minecraft:bread":29,"minecraft:iron_door":2,"projectexpansion:basic_relay":1,"projectexpansion:purple_relay":1,"minecraft:rose_bush":1,"minecraft:flint_and_steel":8,"minecraft:spruce_planks":14,"securitycraft:keypad_door_item":1,"projectexpansion:dark_collector":5,"simpletomb:grave_key":5,"minecraft:dirt":4170,"securitycraft:reinforced_stone":1122,"minecraft:spruce_fence":120,"minecraft:wooden_axe":53,"minecraft:bookshelf":27,"securitycraft:remote_access_sentry":6,"securitycraft:sentry":26,"minecraft:light_gray_bed":13,"projectexpansion:pink_relay":2,"minecraft:green_bed":5,"minecraft:terracotta":2,"securitycraft:reinforced_lever":1,"minecraft:apple":2,"minecraft:stone_axe":21,"minecraft:bucket":7},"minecraft:mined":{"valhelsia_structures:light_gray_sleeping_bag":5,"minecraft:cherry_log":28,"regions_unexplored:magnolia_log":50,"minecraft:obsidian":1,"minecraft:granite":58,"projectexpansion:dark_emc_link":4,"minecraft:light_gray_bed":7,"minecraft:coal_block":3,"minecraft:chiseled_stone_bricks":1,"epicsamurai:deepslate_jade_ore":4,"minecraft:magma_block":1,"minecraft:mossy_cobblestone_stairs":10,"minecraft:fire":3,"minecraft:barrel":7,"minecraft:moss_carpet":6,"minecraft:fletching_table":6,"minecraft:enchanting_table":5,"minecraft:dirt_path":6,"minecraft:blue_orchid":1,"valhelsia_structures:big_glazed_jar":6,"minecraft:jungle_trapdoor":3,"valhelsia_structures:glazed_jar":4,"minecraft:brown_mushroom":1,"regions_unexplored:tall_cobalt_earlight":1,"regions_unexplored:white_magnolia_leaves":3,"projectexpansion:purple_relay":1,"minecraft:amethyst_cluster":1,"minecraft:cyan_glazed_terracotta":8,"projectexpansion:red_collector":7,"minecraft:torch":8,"minecraft:note_block":1,"minecraft:blast_furnace":2,"minecraft:melon":2,"minecraft:polished_andesite_stairs":6,"minecraft:smooth_quartz_slab":1,"minecraft:sugar_cane":3,"minecraft:bricks":2,"minecraft:amethyst_block":96,"regions_unexplored:tsubaki":10,"minecraft:skeleton_skull":1,"regions_unexplored:hyssop":7,"minecraft:wheat":6,"minecraft:lilac":2,"minecraft:stone_brick_stairs":1,"minecraft:grass":101,"regions_unexplored:oak_shrub":22,"minecraft:loom":1,"minecraft:smooth_basalt":16,"minecraft:stonecutter":1,"magnumtorch:emerald_magnum_torch":2,"minecraft:deepslate":82,"regions_unexplored:fireweed":1,"farmersdelight:wild_carrots":1,"minecraft:jack_o_lantern":1,"minecraft:spruce_fence":22,"regions_unexplored:maple_leaves":33,"minecraft:cartography_table":1,"travelersbackpack:bat":1,"minecraft:acacia_trapdoor":4,"minecraft:andesite":31,"minecraft:potatoes":3,"minecraft:vine":6,"regions_unexplored:day_lily":1,"minecraft:smithing_table":1,"treasure2:wishing_well_block":8,"projectexpansion:basic_relay":1,"minecraft:redstone_block":5,"minecraft:cherry_planks":5,"minecraft:cornflower":1,"minecraft:emerald_ore":28,"valhelsia_structures:black_glazed_jar":3,"ecologics:walnut_leaves":9,"minecraft:campfire":1,"minecraft:tall_grass":7,"regions_unexplored:mauve_log":7,"minecraft:deepslate_gold_ore":8,"minecraft:diorite":94,"minecraft:orange_carpet":1,"projectexpansion:magenta_emc_link":1,"minecraft:spruce_log":8,"minecraft:birch_leaves":49,"minecraft:quartz_pillar":2,"regions_unexplored:magnolia_shrub":4,"minecraft:gravel":6,"minecraft:cobweb":7,"minecraft:stone_bricks":10,"projectexpansion:magenta_relay":2,"minecraft:chipped_anvil":1,"minecraft:fern":1,"minecraft:spruce_planks":21,"minecraft:farmland":29,"projectexpansion:dark_relay":4,"regions_unexplored:maple_log":112,"projectexpansion:basic_emc_link":1,"minecraft:brewing_stand":1,"regions_unexplored:pink_magnolia_shrub":10,"minecraft:budding_amethyst":10,"minecraft:grass_block":1249,"valhelsia_structures:gray_sleeping_bag":1,"regions_unexplored:purple_coneflower":63,"projectexpansion:dark_collector":5,"minecraft:smooth_stone":7,"minecraft:raw_iron_block":5,"minecraft:mossy_cobblestone_slab":19,"minecraft:iron_ore":8,"regions_unexplored:mossy_stone":42,"minecraft:target":1,"projectexpansion:red_emc_link":2,"minecraft:azure_bluet":2,"diagonalfences:minecraft/spruce_fence":19,"minecraft:iron_bars":2,"minecraft:potted_cornflower":1,"ecologics:walnut_log":16,"minecraft:granite_stairs":1,"minecraft:polished_granite_stairs":2,"minecraft:green_bed":2,"minecraft:deepslate_redstone_ore":8,"valhelsia_structures:explorers_tent":1,"minecraft:blackstone":10,"valhelsia_furniture:red_spruce_chair":1,"regions_unexplored:maple_branch":2,"minecraft:soul_lantern":1,"minecraft:jungle_stairs":1,"minecraft:mossy_cobblestone_wall":1,"minecraft:calcite":24,"minecraft:poppy":2,"minecraft:chest":8,"minecraft:mushroom_stem":19,"minecraft:cobblestone":77,"minecraft:grindstone":2,"minecraft:oak_planks":29,"minecraft:iron_door":1,"minecraft:wall_torch":5,"minecraft:pink_petals":1,"minecraft:seagrass":1,"minecraft:stone_stairs":1,"minecraft:birch_log":67,"projectexpansion:pink_collector":2,"regions_unexplored:mauve_leaves":33,"minecraft:oak_log":91,"minecraft:beetroots":1,"minecraft:acacia_fence":11,"minecraft:dirt":1229,"regions_unexplored:cobalt_nylium":7,"minecraft:dispenser":1,"minecraft:netherrack":1,"minecraft:oak_leaves":45,"realmrpg_skeletons:waterdrop_skeleton":1,"minecraft:tuff":16,"projectexpansion:basic_collector":5,"minecraft:yellow_wall_banner":1,"minecraft:deepslate_diamond_ore":3,"minecraft:candle":1,"projectexpansion:pink_relay":2,"regions_unexplored:oak_branch":1,"minecraft:purple_terracotta":1,"epicsamurai:deepslate_ruby_ore":8,"projectexpansion:red_relay":1,"regions_unexplored:magnolia_leaves":32,"minecraft:spruce_leaves":10,"regions_unexplored:cobalt_log":2,"valhelsia_structures:brown_sleeping_bag":4,"minecraft:hay_block":22,"minecraft:furnace":4,"minecraft:carrots":7,"valhelsia_structures:red_glazed_jar":2,"regions_unexplored:waratah":1,"minecraft:acacia_stairs":8,"regions_unexplored:white_magnolia_shrub":3,"valhelsia_furniture:spruce_desk_drawer":2,"minecraft:bookshelf":9,"minecraft:deepslate_iron_ore":6,"minecraft:lantern":6,"valhelsia_structures:big_glazed_jar_top":1,"minecraft:stripped_acacia_log":37,"regions_unexplored:medium_grass":111,"projectexpansion:pink_emc_link":2,"minecraft:stone":645,"valhelsia_furniture:spruce_table":2,"minecraft:scaffolding":1,"projectexpansion:magenta_collector":9,"valhelsia_furniture:red_spruce_table":2,"minecraft:basalt":6,"minecraft:polished_granite":12,"minecraft:crafting_table":4,"regions_unexplored:pink_magnolia_leaves":33,"minecraft:rose_bush":3,"minecraft:lectern":3,"minecraft:stone_slab":1,"valhelsia_structures:big_cyan_glazed_jar":3,"regions_unexplored:daisy":3,"minecraft:blue_bed":1,"projecte:transmutation_table":14,"minecraft:magenta_terracotta":1,"minecraft:bee_nest":5,"minecraft:yellow_bed":1,"minecraft:coal_ore":80,"minecraft:flower_pot":1,"minecraft:cracked_stone_bricks":7,"minecraft:terracotta":5,"minecraft:polished_andesite":23,"minecraft:mossy_stone_bricks":6},"minecraft:custom":{"minecraft:interact_with_crafting_table":150,"minecraft:open_barrel":121,"minecraft:bell_ring":3,"minecraft:leave_game":6,"minecraft:time_since_death":380497,"minecraft:damage_blocked_by_shield":6488,"minecraft:play_time":789987,"minecraft:deaths":6,"minecraft:jump":8708,"minecraft:enchant_item":5,"minecraft:interact_with_furnace":53,"minecraft:traded_with_villager":723,"minecraft:sleep_in_bed":32,"minecraft:waystone_activated":6,"minecraft:damage_dealt":15423,"minecraft:interact_with_smoker":1,"minecraft:inspect_dispenser":2,"minecraft:interact_with_smithing_table":8,"minecraft:sneak_time":43935,"minecraft:interact_with_blast_furnace":4,"minecraft:total_world_time":789987,"minecraft:time_since_rest":77875,"minecraft:use_wand":4610,"minecraft:swim_one_cm":113660,"minecraft:fly_one_cm":3042861,"minecraft:open_chest":392,"minecraft:fall_one_cm":186970,"minecraft:sprint_one_cm":2948284,"minecraft:drop":100,"minecraft:play_noteblock":3,"minecraft:walk_on_water_one_cm":72919,"minecraft:crouch_one_cm":358307,"minecraft:mob_kills":74,"minecraft:climb_one_cm":142724,"minecraft:walk_one_cm":5090091,"minecraft:walk_under_water_one_cm":44886,"minecraft:raid_trigger":1,"minecraft:damage_taken":5655,"minecraft:damage_absorbed":121},"minecraft:killed_by":{"minecraft:pillager":2,"mythicmounts:dragon":1,"mutantmonsters:mutant_skeleton":1,"minecraft:skeleton":1,"guardvillagers:guard":1},"minecraft:broken":{"constructionwand:diamond_wand":1,"minecraft:shield":1,"minecraft:stone_pickaxe":1},"minecraft:dropped":{"minecraft:iron_sword":1,"minecraft:lapis_lazuli":64,"minecraft:glass_bottle":12,"minecraft:diamond":9,"minecraft:cooked_porkchop":15,"minecraft:quartz_pillar":192,"minecraft:emerald":1,"minecraft:sand":255,"minecraft:iron_pickaxe":1,"minecraft:wheat_seeds":1,"simplyswords:soulrender":1,"minecraft:smooth_quartz_stairs":128,"minecraft:iron_helmet":2,"relics:midnight_robe":2,"everlastingabilities:ability_bottle":2,"minecraft:golden_apple":8,"minecraft:wooden_axe":1,"minecraft:diamond_helmet":2,"minecraft:string":192,"securitycraft:reinforced_stone":384,"minecraft:stone_sword":1,"minecraft:iron_boots":2,"regions_unexplored:hyssop":2,"mob_catcher:diamond_mob_catcher":1,"projecte:dm_shovel":1,"minecraft:diamond_pickaxe":1,"valhelsia_structures:brown_sleeping_bag":1,"minecraft:oak_log":5,"constructionwand:diamond_wand":3,"minecraft:honey_bottle":16,"minecraft:bread":22,"minecraft:diamond_leggings":1,"simplyswords:diamond_warglaive":1,"minecraft:stick":128,"minecraft:torch":192,"minecraft:iron_leggings":2,"securitycraft:sc_manual":1,"minecraft:tripwire_hook":384,"securitycraft:universal_block_remover":1,"minecraft:shield":2,"aether:iron_gloves":2,"minecraft:diamond_chestplate":1,"minecraft:iron_chestplate":1,"minecraft:quartz_stairs":128,"minecraft:diamond_boots":1,"securitycraft:universal_block_reinforcer_lvl1":1},"minecraft:picked_up":{"minecraft:iron_chestplate":3,"minecraft:chainmail_boots":1,"minecraft:flower_pot":2,"regions_unexplored:magnolia_log":674,"minecraft:smithing_table":1,"minecraft:stone_slab":1,"minecraft:enchanted_book":1,"minecraft:brewing_stand":1,"minecraft:amethyst_block":57,"minecraft:string":7,"projectexpansion:red_emc_link":2,"minecraft:cobbled_deepslate":77,"projectexpansion:magenta_collector":9,"minecraft:spruce_planks":12,"minecraft:melon_slice":11,"minecraft:coal_block":3,"valhelsia_structures:light_gray_sleeping_bag":6,"minecraft:green_bed":2,"valhelsia_furniture:spruce_desk_drawer":2,"minecraft:cherry_log":28,"regions_unexplored:pink_magnolia_sapling":24,"minecraft:yellow_banner":1,"minecraft:light_gray_bed":7,"farmersdelight:onion":6,"minecraft:iron_bars":2,"minecraft:birch_log":130,"minecraft:magma_block":1,"minecraft:mossy_cobblestone_slab":21,"minecraft:feather":1,"minecraft:iron_door":1,"minecraft:water_bucket":1,"regions_unexplored:white_magnolia_shrub":2,"minecraft:flint":1,"regions_unexplored:cobalt_roots":3,"minecraft:lantern":12,"securitycraft:reinforced_stone_button":2,"minecraft:chipped_anvil":1,"minecraft:stonecutter":1,"minecraft:diamond_helmet":1,"minecraft:glowstone_dust":72,"minecraft:loom":1,"securitycraft:reinforced_dispenser":1,"minecraft:acacia_stairs":1,"minecraft:barrel":6,"minecraft:polished_andesite":19,"minecraft:stripped_acacia_log":24,"regions_unexplored:hyssop":7,"minecraft:dispenser":1,"minecraft:granite":48,"projectexpansion:basic_relay":1,"minecraft:bread":7,"minecraft:spruce_button":3,"minecraft:chainmail_helmet":1,"minecraft:jack_o_lantern":1,"epicsamurai:ruby":8,"regions_unexplored:cobalt_log":2,"minecraft:bricks":2,"minecraft:coarse_dirt":17,"minecraft:crafting_table":4,"minecraft:leather_leggings":2,"valhelsia_structures:brown_sleeping_bag":4,"minecraft:cornflower":2,"minecraft:jungle_trapdoor":3,"evilcraft:poison_sac":1,"epicsamurai:jade":4,"minecraft:iron_shovel":1,"securitycraft:reinforced_stripped_acacia_log":11,"minecraft:cracked_stone_bricks":11,"minecraft:cartography_table":1,"minecraft:beef":4,"securitycraft:reinforced_lever":1,"minecraft:poppy":2,"minecraft:chest":8,"minecraft:birch_sapling":8,"regions_unexplored:day_lily":1,"securitycraft:reinforced_cobblestone":65,"minecraft:cyan_glazed_terracotta":10,"minecraft:spruce_fence":32,"minecraft:carrot":25,"minecraft:redstone":29,"regions_unexplored:purple_coneflower":227,"minecraft:polished_granite_stairs":2,"minecraft:hay_block":22,"everlastingabilities:ability_bottle":2,"minecraft:gold_ingot":3,"minecraft:oxeye_daisy":1,"minecraft:stripped_oak_log":26,"minecraft:birch_leaves":12,"minecraft:tripwire_hook":1,"securitycraft:sc_manual":1,"projectexpansion:red_collector":7,"minecraft:oak_log":269,"regions_unexplored:stripped_magnolia_log":28,"minecraft:blue_bed":1,"minecraft:white_banner":2,"regions_unexplored:waratah":1,"minecraft:apple":6,"minecraft:stone_bricks":34,"minecraft:cobweb":11,"minecraft:polished_andesite_stairs":4,"minecraft:smooth_basalt":12,"regions_unexplored:white_magnolia_sapling":11,"regions_unexplored:oak_shrub":16,"minecraft:gravel":15,"minecraft:spruce_sapling":1,"minecraft:spruce_log":36,"securitycraft:whitelist_module":3,"spawn:sunflower_seeds":2,"regions_unexplored:fireweed":1,"securitycraft:keypad":1,"regions_unexplored:stripped_maple_log":13,"projectexpansion:red_relay":1,"minecraft:wheat":8,"constructionwand:diamond_wand":2,"securitycraft:keypad_item":3,"travelersbackpack:bat":1,"minecraft:redstone_block":4,"aether:iron_gloves":1,"minecraft:stone_brick_stairs":1,"regions_unexplored:magnolia_shrub":4,"minecraft:raw_copper":15,"minecraft:iron_leggings":2,"minecraft:armor_stand":8,"minecraft:tnt_minecart":1,"minecraft:smooth_stone":8,"securitycraft:reinforced_spruce_planks":2,"projectexpansion:magenta_relay":2,"minecraft:white_tulip":1,"minecraft:rose_bush":4,"minecraft:calcite":12,"projectexpansion:pink_emc_link":2,"minecraft:iron_boots":1,"minecraft:furnace":4,"minecraft:stick":256,"projectexpansion:basic_collector":5,"valhelsia_structures:gray_sleeping_bag":1,"minecraft:acacia_fence":2,"ecologics:walnut_log":13,"minecraft:torch":48,"epicfight:skillbook":1,"minecraft:porkchop":14,"minecraft:target":1,"regions_unexplored:pink_magnolia_shrub":9,"minecraft:diorite":165,"projectexpansion:dark_relay":4,"regions_unexplored:daisy":3,"projectexpansion:dark_collector":5,"minecraft:rotten_flesh":21,"regions_unexplored:tsubaki":8,"regions_unexplored:mauve_log":7,"minecraft:obsidian":6,"regions_unexplored:magnolia_sapling":23,"minecraft:cobblestone":1168,"minecraft:enchanting_table":5,"valhelsia_furniture:red_spruce_table":2,"ecologics:walnut":3,"minecraft:lilac":3,"minecraft:cherry_planks":5,"minecraft:andesite":48,"projectexpansion:purple_relay":1,"minecraft:golden_leggings":1,"minecraft:orange_carpet":1,"minecraft:potato":21,"minecraft:tuff":6,"minecraft:stripped_birch_log":38,"minecraft:dirt":3936,"securitycraft:sentry":11,"minecraft:polished_granite":9,"minecraft:bone":14,"minecraft:bow":2,"projectexpansion:magenta_emc_link":1,"minecraft:wheat_seeds":89,"minecraft:raw_gold":7,"everlastingabilities:ability_totem":1,"minecraft:bell":1,"regions_unexplored:mauve_leaves":13,"minecraft:grindstone":2,"minecraft:mossy_stone_bricks":7,"minecraft:fletching_table":6,"minecraft:oak_planks":28,"projectexpansion:pink_collector":2,"valhelsia_furniture:spruce_table":2,"simplyswords:soulrender":1,"securitycraft:reinforced_stone":81,"minecraft:mossy_cobblestone":117,"minecraft:diamond":14,"minecraft:soul_lantern":1,"waystones:waystone":3,"minecraft:crossbow":1,"minecraft:grass":18,"projectexpansion:basic_emc_link":1,"minecraft:emerald":27,"projecte:transmutation_table":14,"minecraft:oak_sapling":13,"minecraft:netherrack":8,"minecraft:charcoal":2,"minecraft:allium":14,"minecraft:azure_bluet":2,"minecraft:ladder":4,"minecraft:brown_mushroom":2,"minecraft:shield":1,"minecraft:stone_stairs":1,"minecraft:moss_carpet":26,"minecraft:iron_axe":3,"ecologics:walnut_sapling":5,"minecraft:blackstone":9,"minecraft:blue_orchid":1,"minecraft:candle":3,"projectexpansion:pink_relay":2,"minecraft:mossy_cobblestone_wall":1,"minecraft:lectern":3,"minecraft:sugar_cane":8,"minecraft:phantom_membrane":1,"minecraft:raw_iron":16,"minecraft:note_block":2,"minecraft:cookie":5,"minecraft:stone_button":2,"valhelsia_structures:explorers_tent":1,"minecraft:arrow":6,"regions_unexplored:maple_sapling":12,"minecraft:jungle_stairs":1,"projectexpansion:dark_emc_link":4,"securitycraft:reinforced_stone_bricks":217,"minecraft:skeleton_skull":1,"valhelsia_furniture:red_spruce_chair":1,"securitycraft:username_logger":1,"minecraft:basalt":6,"minecraft:glow_ink_sac":8,"minecraft:leather":2,"minecraft:granite_stairs":1,"minecraft:chainmail_chestplate":1,"minecraft:yellow_bed":1,"securitycraft:keypad_chest":4,"minecraft:gunpowder":2,"relics:midnight_robe":1,"regions_unexplored:tall_cobalt_earlight":1,"minecraft:acacia_trapdoor":3,"minecraft:iron_ingot":3,"minecraft:book":27,"minecraft:scaffolding":1,"minecraft:chiseled_stone_bricks":1,"minecraft:dandelion":1,"minecraft:raw_iron_block":5,"minecraft:amethyst_shard":2,"minecraft:blast_furnace":2,"securitycraft:reinforced_iron_block":1,"magnumtorch:emerald_magnum_torch":2,"minecraft:chainmail_leggings":3,"minecraft:iron_helmet":5,"regions_unexplored:maple_log":279,"minecraft:mossy_cobblestone_stairs":10,"minecraft:terracotta":5,"minecraft:coal":74},"minecraft:crafted":{"projectexpansion:basic_emc_link":1,"securitycraft:username_logger":1,"ecologics:walnut_planks":52,"projecte:alchemical_chest":1,"projecte:rm_axe":1,"securitycraft:keypad_item":1,"minecraft:bookshelf":10,"travelersbackpack:bat":3,"securitycraft:reinforced_lever":1,"minecraft:glass":4,"projecte:dark_matter_block":10,"projectexpansion:purple_fuel":1,"projecte:rm_shears":1,"minecraft:diamond_helmet":2,"minecraft:diamond_leggings":2,"projectexpansion:violet_fuel":9,"projectexpansion:pink_relay":1,"minecraft:iron_door":6,"projecte:transmutation_table":2,"projecte:dark_matter":1,"minecraft:emerald":709,"projecte:transmutation_tablet":1,"minecraft:diamond_axe":1,"minecraft:cooked_porkchop":8,"projecte:red_matter":1,"projecte:philosophers_stone":1,"minecraft:smithing_table":1,"mob_catcher:diamond_mob_catcher":1,"projecte:rm_shovel":1,"projectexpansion:purple_matter":1,"projectexpansion:dark_collector":1,"projectexpansion:magenta_matter":1,"minecraft:iron_pickaxe":3,"projecte:medium_covalence_dust":40,"securitycraft:whitelist_module":1,"projectexpansion:violet_relay":1,"projecte:dm_hammer":1,"projectexpansion:pink_emc_link":1,"travelersbackpack:blank_upgrade":4,"travelersbackpack:gold_tier_upgrade":1,"projecte:dm_shears":1,"minecraft:lantern":2,"securitycraft:universal_block_remover":1,"minecraft:diamond_boots":2,"projectexpansion:dark_relay":1,"minecraft:redstone_block":2,"projectexpansion:pink_collector":1,"minecraft:wheat":225,"projecte:dm_axe":1,"projectexpansion:basic_collector":1,"securitycraft:portable_radar":2,"projectexpansion:basic_relay":1,"constructionwand:diamond_wand":1,"securitycraft:universal_block_modifier":1,"minecraft:enchanting_table":1,"projecte:dm_hoe":1,"minecraft:glowstone":16,"projecte:low_covalence_dust":40,"projecte:dm_shovel":1,"securitycraft:door_indestructible_iron_item":1,"securitycraft:remote_access_sentry":1,"projecte:rm_katar":1,"projectexpansion:red_emc_link":1,"minecraft:iron_leggings":2,"projectexpansion:magenta_fuel":1,"minecraft:oak_planks":48,"projectexpansion:dark_emc_link":1,"projectexpansion:purple_relay":1,"projecte:rm_hammer":1,"minecraft:stone":8,"projecte:high_covalence_dust":40,"minecraft:heavy_weighted_pressure_plate":2,"projectexpansion:pink_matter":1,"projectexpansion:red_relay":1,"securitycraft:laser_block":1,"minecraft:bow":1,"minecraft:iron_boots":2,"projectexpansion:purple_collector":1,"projectexpansion:magenta_emc_link":1,"minecraft:chest":4,"projecte:aeternalis_fuel_block":1,"minecraft:stone_bricks":64,"securitycraft:keypad_door_item":1,"projectexpansion:violet_matter":1,"travelersbackpack:iron_tier_upgrade":4,"projectexpansion:red_collector":2,"minecraft:crafting_table":2,"projecte:mobius_fuel":16,"minecraft:baked_potato":17,"securitycraft:reinforced_spruce_fence":48,"beautify:rope":1,"minecraft:dispenser":1,"minecraft:iron_chestplate":1,"minecraft:paper":3,"minecraft:diamond_pickaxe":1,"minecraft:shield":3,"minecraft:stick":144,"projectexpansion:pink_fuel":1,"minecraft:iron_ingot":44,"minecraft:stone_sword":2,"minecraft:redstone_torch":3,"projectexpansion:magenta_collector":1,"projecte:condenser_mk1":1,"minecraft:shears":2,"projecte:rm_pick":1,"securitycraft:universal_block_reinforcer_lvl1":1,"minecraft:cherry_planks":32,"minecraft:raw_iron":45,"securitycraft:sentry":1,"minecraft:tripwire_hook":2,"projecte:rm_morning_star":1,"minecraft:furnace":2,"minecraft:stone_button":3,"securitycraft:keypad_frame":2,"minecraft:glass_pane":16,"minecraft:diamond_block":1,"projectexpansion:magenta_relay":1,"projecte:aeternalis_fuel":1,"minecraft:iron_axe":1,"projecte:dm_pick":1,"projecte:rm_hoe":1,"travelersbackpack:diamond_tier_upgrade":1,"minecraft:diamond_sword":1,"projectexpansion:blue_fuel":1,"travelersbackpack:backpack_tank":2,"projectexpansion:violet_collector":1,"minecraft:iron_sword":2,"projecte:dm_sword":1,"minecraft:bread":75,"minecraft:air":0,"projecte:alchemical_coal":16,"projecte:rm_sword":1,"minecraft:lapis_lazuli":12,"magnumtorch:emerald_magnum_torch":1,"minecraft:diamond_chestplate":2},"minecraft:killed":{"minecraft:skeleton":10,"minecraft:pillager":15,"minecraft:zombie":22,"minecraft:cow":2,"evilcraft:poisonous_libelle":1,"minecraft:witch":1,"minecraft:spider":6,"minecraft:bee":3,"minecraft:piglin":1,"minecraft:pig":5,"minecraft:creeper":2,"minecraft:drowned":3}},"DataVersion":3465}