{"stats":{"minecraft:picked_up":{"minecraft:stripped_oak_log":4,"minecraft:birch_log":14,"minecraft:wheat":37,"minecraft:leather":3,"minecraft:chainmail_chestplate":1,"simpletomb:grave_key":4,"minecraft:dirt":4,"minecraft:lantern":1,"naturalist:bass":1,"minecraft:bone":3,"minecraft:beetroot":37,"minecraft:wheat_seeds":174,"regions_unexplored:pine_log":3,"minecraft:spruce_planks":1,"everlastingabilities:ability_totem":1,"minecraft:oak_boat":1,"minecraft:furnace":1,"ecologics:coconut_slice":2,"minecraft:torch":5,"minecraft:porkchop":4,"simplyswords:soulrender":1,"minecraft:quartz_pillar":4,"minecraft:spruce_log":2,"minecraft:dark_oak_log":3,"spawn:sunflower_seeds":2,"regions_unexplored:hyssop":2,"minecraft:rotten_flesh":2,"minecraft:beetroot_seeds":213,"regions_unexplored:mauve_log":6,"waystones:waystone":1,"minecraft:hay_block":12,"everlastingabilities:ability_bottle":1,"minecraft:bread":8,"minecraft:coal":39,"simplyswords:thunderbrand":1,"minecraft:cobblestone":48},"minecraft:killed":{"minecraft:pig":2,"minecraft:salmon":1,"naturalist:butterfly":1,"minecraft:horse":2,"minecraft:skeleton":2,"minecraft:pillager":3,"minecraft:zombie":2,"naturalist:bass":1,"minecraft:player":2},"minecraft:dropped":{"simplyswords:thunderbrand":1,"regions_unexplored:pine_planks":3,"minecraft:wheat_seeds":130,"simplyswords:soulrender":1,"minecraft:golden_horse_armor":1,"simpletomb:grave_key":6,"ecologics:coconut_slice":2,"minecraft:rotten_flesh":1,"minecraft:lantern":1,"regions_unexplored:hyssop":1,"spawn:sunflower_seeds":2,"minecraft:spruce_planks":1,"minecraft:beetroot_seeds":124,"minecraft:oak_boat":2,"minecraft:wooden_sword":1,"minecraft:wooden_pickaxe":2,"minecraft:dark_oak_planks":3},"minecraft:custom":{"minecraft:interact_with_furnace":2,"minecraft:interact_with_anvil":1,"minecraft:mob_kills":15,"minecraft:interact_with_crafting_table":16,"minecraft:interact_with_cartography_table":1,"minecraft:open_barrel":26,"minecraft:interact_with_loom":3,"minecraft:interact_with_grindstone":1,"minecraft:eat_cake_slice":9,"minecraft:leave_game":5,"minecraft:time_since_death":3979,"minecraft:sleep_in_bed":5,"minecraft:climb_one_cm":19110,"minecraft:damage_resisted":12,"minecraft:time_since_rest":4945,"minecraft:waystone_activated":3,"minecraft:sprint_one_cm":805797,"minecraft:damage_taken":5221,"minecraft:walk_one_cm":1184292,"minecraft:drop":29,"minecraft:damage_dealt":3085,"minecraft:swim_one_cm":1952,"minecraft:fly_one_cm":1546183,"minecraft:player_kills":2,"minecraft:open_chest":114,"minecraft:crouch_one_cm":24397,"minecraft:play_time":203370,"minecraft:deaths":11,"minecraft:sneak_time":3132,"minecraft:walk_under_water_one_cm":40633,"minecraft:jump":3789,"minecraft:interact_with_blast_furnace":3,"minecraft:walk_on_water_one_cm":110335,"minecraft:total_world_time":203370,"minecraft:interact_with_smoker":3,"minecraft:fall_one_cm":109920,"minecraft:horse_one_cm":79},"minecraft:killed_by":{"minecraft:player":3,"minecraft:skeleton":6,"securitycraft:sentry":1},"minecraft:crafted":{"minecraft:wooden_sword":3,"minecraft:oak_planks":16,"minecraft:wooden_shovel":1,"minecraft:dark_oak_boat":1,"minecraft:crafting_table":6,"minecraft:wooden_pickaxe":2,"regions_unexplored:pine_boat":1,"minecraft:birch_planks":20,"minecraft:bread":58,"minecraft:oak_boat":1,"regions_unexplored:pine_planks":12,"regions_unexplored:mauve_planks":20,"minecraft:iron_boots":1,"minecraft:golden_apple":3,"minecraft:stick":24,"minecraft:stone_pickaxe":2,"minecraft:dark_oak_planks":12,"minecraft:torch":4,"minecraft:wheat":99},"minecraft:mined":{"minecraft:spruce_planks":1,"minecraft:dark_oak_log":3,"minecraft:torch":3,"minecraft:grass_block":1,"minecraft:white_stained_glass":2,"minecraft:tall_grass":1,"regions_unexplored:mauve_log":6,"minecraft:spruce_leaves":7,"minecraft:cyan_bed":1,"minecraft:wall_torch":2,"regions_unexplored:pine_log":3,"minecraft:hay_block":12,"regions_unexplored:hyssop":1,"minecraft:furnace":1,"minecraft:birch_log":14,"minecraft:wheat":39,"minecraft:spruce_log":2,"minecraft:birch_leaves":4,"minecraft:grass":2,"minecraft:coal_ore":39,"minecraft:beetroots":53,"minecraft:stripped_oak_log":4,"regions_unexplored:medium_grass":2,"minecraft:stone":48,"minecraft:blue_orchid":1},"minecraft:used":{"minecraft:beetroot":37,"minecraft:wheat_seeds":39,"minecraft:water_bucket":2,"epicfight:skillbook":1,"simplyswords:thunderbrand":12,"minecraft:stone_pickaxe":81,"minecraft:wooden_pickaxe":6,"minecraft:iron_sword":1,"simpletomb:grave_key":8,"minecraft:torch":5,"minecraft:dirt":4,"minecraft:crafting_table":6,"simplyswords:soulrender":1,"minecraft:chainmail_chestplate":1,"minecraft:crossbow":2,"minecraft:cake":1,"minecraft:diamond_pickaxe":2,"minecraft:iron_axe":10,"minecraft:bread":22,"regions_unexplored:pine_boat":1,"simplyswords:hearthflame":2,"evilcraft:flesh_humanoid":1,"minecraft:wooden_sword":40,"minecraft:cobblestone":42,"minecraft:dark_oak_boat":1,"minecraft:hay_block":1,"minecraft:beetroot_seeds":50,"minecraft:bucket":2,"minecraft:birch_log":1,"alexsmobs:animal_dictionary":2,"minecraft:cooked_beef":2,"simplyswords:soulpyre":2}},"DataVersion":3465}