{"stats":{"minecraft:used":{"minecraft:beetroot":37,"minecraft:wheat_seeds":39,"minecraft:water_bucket":1,"minecraft:stone_pickaxe":81,"minecraft:wooden_pickaxe":6,"simpletomb:grave_key":8,"minecraft:torch":5,"minecraft:crafting_table":4,"minecraft:chainmail_chestplate":1,"minecraft:cake":1,"minecraft:diamond_pickaxe":1,"minecraft:iron_axe":3,"minecraft:bread":20,"evilcraft:flesh_humanoid":1,"minecraft:wooden_sword":40,"minecraft:cobblestone":42,"minecraft:dark_oak_boat":1,"minecraft:hay_block":1,"minecraft:bucket":1,"minecraft:beetroot_seeds":50,"minecraft:birch_log":1,"alexsmobs:animal_dictionary":2,"minecraft:cooked_beef":2,"simplyswords:soulpyre":1},"minecraft:killed_by":{"minecraft:player":3,"minecraft:skeleton":5,"securitycraft:sentry":1},"minecraft:picked_up":{"minecraft:birch_log":14,"minecraft:wheat":37,"minecraft:leather":3,"minecraft:chainmail_chestplate":1,"simpletomb:grave_key":4,"minecraft:lantern":1,"naturalist:bass":1,"minecraft:beetroot":37,"minecraft:wheat_seeds":174,"minecraft:spruce_planks":1,"minecraft:furnace":1,"ecologics:coconut_slice":2,"minecraft:torch":5,"minecraft:porkchop":4,"simplyswords:soulrender":1,"minecraft:quartz_pillar":4,"minecraft:spruce_log":2,"minecraft:dark_oak_log":3,"spawn:sunflower_seeds":2,"regions_unexplored:hyssop":2,"minecraft:rotten_flesh":2,"minecraft:beetroot_seeds":213,"regions_unexplored:mauve_log":6,"minecraft:hay_block":12,"everlastingabilities:ability_bottle":1,"minecraft:bread":8,"minecraft:coal":39,"simplyswords:thunderbrand":1,"minecraft:cobblestone":48},"minecraft:mined":{"minecraft:spruce_planks":1,"minecraft:dark_oak_log":3,"minecraft:torch":3,"minecraft:tall_grass":1,"regions_unexplored:mauve_log":6,"minecraft:spruce_leaves":1,"minecraft:cyan_bed":1,"minecraft:wall_torch":2,"minecraft:hay_block":12,"regions_unexplored:hyssop":1,"minecraft:furnace":1,"minecraft:birch_log":14,"minecraft:wheat":39,"minecraft:spruce_log":2,"minecraft:birch_leaves":4,"minecraft:grass":2,"minecraft:coal_ore":39,"minecraft:beetroots":53,"regions_unexplored:medium_grass":2,"minecraft:stone":48,"minecraft:blue_orchid":1},"minecraft:killed":{"minecraft:pig":2,"minecraft:salmon":1,"naturalist:butterfly":1,"minecraft:horse":2,"naturalist:bass":1,"minecraft:player":2},"minecraft:custom":{"minecraft:interact_with_furnace":2,"minecraft:interact_with_anvil":1,"minecraft:mob_kills":8,"minecraft:interact_with_cartography_table":1,"minecraft:interact_with_crafting_table":12,"minecraft:open_barrel":25,"minecraft:interact_with_loom":3,"minecraft:eat_cake_slice":9,"minecraft:interact_with_grindstone":1,"minecraft:leave_game":3,"minecraft:time_since_death":66796,"minecraft:sleep_in_bed":5,"minecraft:climb_one_cm":19110,"minecraft:time_since_rest":27245,"minecraft:waystone_activated":2,"minecraft:sprint_one_cm":559451,"minecraft:damage_taken":4006,"minecraft:walk_one_cm":966583,"minecraft:drop":24,"minecraft:damage_dealt":1644,"minecraft:swim_one_cm":1952,"minecraft:fly_one_cm":886423,"minecraft:player_kills":2,"minecraft:open_chest":103,"minecraft:crouch_one_cm":24397,"minecraft:play_time":158054,"minecraft:deaths":10,"minecraft:sneak_time":3091,"minecraft:walk_under_water_one_cm":36162,"minecraft:jump":2263,"minecraft:interact_with_blast_furnace":3,"minecraft:walk_on_water_one_cm":55958,"minecraft:interact_with_smoker":3,"minecraft:total_world_time":158054,"minecraft:fall_one_cm":59784},"minecraft:dropped":{"simplyswords:thunderbrand":1,"minecraft:wheat_seeds":130,"simplyswords:soulrender":1,"minecraft:golden_horse_armor":1,"ecologics:coconut_slice":2,"simpletomb:grave_key":6,"minecraft:rotten_flesh":1,"minecraft:lantern":1,"regions_unexplored:hyssop":1,"spawn:sunflower_seeds":2,"minecraft:beetroot_seeds":124,"minecraft:wooden_sword":1,"minecraft:wooden_pickaxe":2},"minecraft:crafted":{"minecraft:wooden_sword":3,"minecraft:wooden_shovel":1,"minecraft:dark_oak_boat":1,"minecraft:crafting_table":4,"minecraft:wooden_pickaxe":2,"minecraft:birch_planks":20,"minecraft:bread":50,"minecraft:iron_boots":1,"regions_unexplored:mauve_planks":20,"minecraft:golden_apple":3,"minecraft:stick":24,"minecraft:stone_pickaxe":2,"minecraft:dark_oak_planks":12,"minecraft:torch":4,"minecraft:wheat":99}},"DataVersion":3465}