{"stats":{"minecraft:used":{"minecraft:iron_shovel":233,"minecraft:stone_pickaxe":131,"minecraft:chest":2,"minecraft:wooden_pickaxe":12,"simpletomb:grave_key":7,"minecraft:torch":28,"minecraft:crafting_table":7,"regions_unexplored:magnolia_planks":20,"minecraft:quartz_pillar":73,"minecraft:iron_axe":51,"minecraft:bread":23,"minecraft:cyan_bed":2,"minecraft:birch_sapling":2,"minecraft:iron_pickaxe":350,"minecraft:gravel":4,"evilcraft:flesh_humanoid":1,"minecraft:wooden_sword":65,"minecraft:cobblestone":10,"minecraft:furnace":1,"minecraft:cooked_porkchop":6,"alexsmobs:animal_dictionary":3},"minecraft:killed_by":{"minecraft:player":3,"minecraft:skeleton":1},"minecraft:picked_up":{"regions_unexplored:pointed_redstone":5,"minecraft:birch_log":15,"minecraft:crafting_table":2,"regions_unexplored:magnolia_log":5,"minecraft:oak_log":2,"minecraft:lapis_lazuli":13,"minecraft:dirt":222,"minecraft:string":2,"minecraft:raw_copper":56,"minecraft:wheat_seeds":4,"minecraft:beef":3,"minecraft:birch_sapling":2,"minecraft:quartz_stairs":128,"minecraft:smooth_quartz_stairs":64,"minecraft:stick":3,"minecraft:raw_iron":25,"minecraft:cooked_porkchop":15,"minecraft:torch":4,"minecraft:gravel":12,"minecraft:porkchop":5,"minecraft:quartz_pillar":172,"regions_unexplored:raw_redstone_block":5,"minecraft:cyan_bed":2,"minecraft:redstone":48,"regions_unexplored:daisy":3,"alexsmobs:animal_dictionary":1,"regions_unexplored:hyssop":8,"minecraft:rotten_flesh":2,"regions_unexplored:fireweed":6,"regions_unexplored:mauve_log":13,"minecraft:hay_block":10,"everlastingabilities:ability_bottle":1,"minecraft:mutton":2,"minecraft:coal":182,"minecraft:white_wool":1,"minecraft:cobblestone":236},"minecraft:mined":{"minecraft:torch":3,"minecraft:crafting_table":2,"minecraft:glow_lichen":1,"minecraft:grass_block":105,"minecraft:copper_ore":17,"regions_unexplored:mauve_log":13,"minecraft:lapis_ore":2,"minecraft:cyan_bed":1,"regions_unexplored:raw_redstone_block":5,"minecraft:wall_torch":1,"minecraft:hay_block":10,"regions_unexplored:hyssop":1,"minecraft:redstone_ore":8,"regions_unexplored:pointed_redstone":3,"regions_unexplored:redstone_bud":4,"minecraft:birch_log":15,"minecraft:iron_ore":25,"minecraft:birch_leaves":32,"regions_unexplored:mauve_leaves":1,"minecraft:grass":5,"minecraft:oak_log":2,"minecraft:coal_ore":182,"minecraft:dirt":123,"regions_unexplored:medium_grass":4,"minecraft:stone":243,"minecraft:oak_leaves":5},"minecraft:killed":{"minecraft:pig":2,"minecraft:spider":2,"minecraft:sheep":1,"minecraft:zombie":2,"minecraft:player":3,"minecraft:cow":1},"minecraft:custom":{"minecraft:interact_with_furnace":14,"minecraft:mob_kills":8,"minecraft:interact_with_crafting_table":17,"minecraft:leave_game":4,"minecraft:time_since_death":72539,"minecraft:sleep_in_bed":6,"minecraft:climb_one_cm":3226,"minecraft:time_since_rest":52940,"minecraft:waystone_activated":1,"minecraft:sprint_one_cm":574935,"minecraft:damage_taken":2105,"minecraft:walk_one_cm":617080,"minecraft:drop":12,"minecraft:damage_dealt":2240,"minecraft:player_kills":3,"minecraft:swim_one_cm":44603,"minecraft:fly_one_cm":571285,"minecraft:open_chest":15,"minecraft:crouch_one_cm":12686,"minecraft:play_time":100154,"minecraft:deaths":5,"minecraft:sneak_time":2524,"minecraft:walk_under_water_one_cm":15444,"minecraft:jump":1913,"minecraft:walk_on_water_one_cm":21457,"minecraft:interact_with_smoker":1,"minecraft:total_world_time":100154,"minecraft:fall_one_cm":49070},"minecraft:dropped":{"regions_unexplored:fireweed":6,"minecraft:wheat_seeds":4,"alexsmobs:animal_dictionary":1,"minecraft:rotten_flesh":2,"regions_unexplored:hyssop":8,"regions_unexplored:daisy":3,"minecraft:dirt":222,"minecraft:beef":1},"minecraft:crafted":{"minecraft:wooden_sword":2,"minecraft:oak_planks":8,"minecraft:cooked_porkchop":5,"minecraft:crafting_table":5,"minecraft:spruce_planks":20,"minecraft:spruce_button":5,"minecraft:wooden_pickaxe":1,"minecraft:furnace":1,"minecraft:birch_planks":60,"minecraft:bread":30,"minecraft:cooked_mutton":2,"minecraft:air":0,"regions_unexplored:mauve_planks":52,"minecraft:shield":1,"minecraft:iron_axe":1,"minecraft:stick":24,"minecraft:iron_ingot":21,"minecraft:iron_pickaxe":2,"minecraft:stone_pickaxe":1,"minecraft:chest":2,"minecraft:iron_shovel":1,"minecraft:torch":40,"regions_unexplored:magnolia_planks":20,"minecraft:wheat":90},"minecraft:broken":{"minecraft:stone_pickaxe":1,"minecraft:iron_pickaxe":1}},"DataVersion":3465}