{"stats":{"minecraft:killed":{"alexsmobs:raccoon":4,"naturalist:robin":1,"alexsmobs:tasmanian_devil":1,"naturalist:snail":1,"minecraft:chicken":4,"minecraft:rabbit":1,"minecraft:sheep":1,"minecraft:pillager":3,"minecraft:zombie":4,"minecraft:cow":5},"minecraft:killed_by":{"minecraft:creeper":1,"minecraft:pillager":1},"minecraft:dropped":{"wom:netherite_chains":1,"minecraft:diamond_horse_armor":2,"minecraft:chain":1,"minecraft:iron_nugget":1,"minecraft:stone_pickaxe":1},"minecraft:used":{"minecraft:iron_shovel":37,"minecraft:iron_sword":12,"minecraft:grass":1,"minecraft:cooked_chicken":3,"simpletomb:grave_key":2,"minecraft:torch":5,"minecraft:iron_hoe":109,"minecraft:wooden_axe":13,"minecraft:iron_axe":73,"minecraft:barrel":2,"farmersdelight:cutting_board":1,"minecraft:furnace":1,"farmersdelight:cooked_mutton_chops":4,"comforts:sleeping_bag_white":4,"farmersdelight:iron_knife":5,"minecraft:mossy_stone_bricks":1,"minecraft:stone_pickaxe":131,"minecraft:oak_planks":4,"minecraft:wooden_pickaxe":34,"farmersdelight:pumpkin_slice":48,"minecraft:crafting_table":1,"minecraft:shears":1,"minecraft:smoker":1,"farmersdelight:cooked_chicken_cuts":2,"minecraft:iron_pickaxe":327,"alexsmobs:animal_dictionary":1},"minecraft:mined":{"regions_unexplored:magnolia_log":12,"minecraft:grass_block":1,"regions_unexplored:magnolia_leaves":2,"comforts:sleeping_bag_white":1,"minecraft:hay_block":30,"minecraft:iron_ore":126,"minecraft:barrel":2,"minecraft:pumpkin":14,"realmrpg_skeletons:rookie_skeleton":2,"minecraft:water_cauldron":1,"minecraft:stripped_oak_log":4,"regions_unexplored:medium_grass":42,"minecraft:stone":86,"regions_unexplored:day_lily":2,"valhelsia_structures:doused_wall_torch":1,"regions_unexplored:redstone_bulb":8,"minecraft:scaffolding":1,"minecraft:brown_mushroom":4,"minecraft:smoker":1,"minecraft:stone_brick_slab":1,"minecraft:torch":2,"minecraft:crafting_table":2,"minecraft:blast_furnace":1,"minecraft:sponge":2,"regions_unexplored:pink_magnolia_leaves":7,"minecraft:chest":2,"minecraft:cobblestone":2,"regions_unexplored:mauve_log":6,"minecraft:oak_planks":4,"minecraft:wall_torch":1,"mca:cross_headstone":1,"minecraft:skeleton_skull":1,"minecraft:seagrass":1,"minecraft:chain":1,"realmrpg_skeletons:bow_skeleton":1,"regions_unexplored:redstone_bud":14,"regions_unexplored:mauve_leaves":1,"minecraft:white_wall_banner":2,"minecraft:grass":48,"minecraft:coal_ore":218,"regions_unexplored:magnolia_shrub":3,"minecraft:gravel":6,"minecraft:sand":25,"minecraft:dirt":1,"minecraft:cobweb":3,"minecraft:cracked_stone_bricks":2,"minecraft:stone_bricks":16,"minecraft:mossy_stone_bricks":2,"minecraft:oak_leaves":1},"minecraft:custom":{"minecraft:mob_kills":25,"minecraft:animals_bred":3,"minecraft:interact_with_crafting_table":36,"minecraft:open_barrel":49,"minecraft:leave_game":4,"minecraft:time_since_death":88438,"minecraft:climb_one_cm":4464,"minecraft:sprint_one_cm":448215,"minecraft:walk_one_cm":677624,"minecraft:drop":6,"minecraft:play_time":138989,"minecraft:deaths":2,"minecraft:sneak_time":3381,"minecraft:walk_under_water_one_cm":8016,"minecraft:jump":3043,"minecraft:interact_with_blast_furnace":1,"minecraft:walk_on_water_one_cm":12329,"minecraft:total_world_time":138989,"minecraft:interact_with_furnace":60,"minecraft:sleep_in_bed":5,"minecraft:time_since_rest":435,"minecraft:damage_taken":1298,"minecraft:damage_dealt":2574,"minecraft:swim_one_cm":12694,"minecraft:fly_one_cm":749323,"minecraft:open_chest":14,"minecraft:crouch_one_cm":11629,"minecraft:interact_with_smoker":10,"minecraft:fall_one_cm":63722,"minecraft:horse_one_cm":4810},"minecraft:crafted":{"minecraft:oak_planks":16,"aether:iron_ring":2,"minecraft:iron_nugget":1,"comforts:sleeping_bag_white":1,"minecraft:cooked_chicken":3,"minecraft:furnace":1,"minecraft:bone_meal":18,"minecraft:glass":25,"regions_unexplored:mauve_planks":24,"minecraft:iron_boots":1,"minecraft:iron_axe":1,"farmersdelight:cooked_chicken_cuts":2,"minecraft:iron_hoe":1,"minecraft:stone_pickaxe":1,"minecraft:chest":4,"minecraft:cooked_rabbit":1,"regions_unexplored:magnolia_planks":48,"farmersdelight:cooked_mutton_chops":4,"minecraft:spruce_planks":12,"farmersdelight:iron_knife":1,"travelersbackpack:backpack_tank":4,"minecraft:wooden_pickaxe":1,"minecraft:iron_helmet":1,"minecraft:iron_sword":1,"minecraft:bucket":4,"farmersdelight:beef_patty":12,"minecraft:air":0,"aether:iron_gloves":1,"farmersdelight:cutting_board":1,"minecraft:iron_chestplate":1,"minecraft:shield":2,"minecraft:stick":52,"minecraft:iron_ingot":126,"minecraft:iron_pickaxe":2,"minecraft:wooden_axe":1,"minecraft:iron_shovel":1,"minecraft:iron_leggings":1,"minecraft:torch":24,"minecraft:shears":1},"minecraft:picked_up":{"minecraft:crafting_table":3,"minecraft:black_carpet":1,"minecraft:chicken":4,"regions_unexplored:magnolia_log":12,"minecraft:brown_mushroom":4,"minecraft:diamond_horse_armor":2,"minecraft:chain":2,"regions_unexplored:magnolia_shrub":3,"minecraft:string":6,"minecraft:cracked_stone_bricks":2,"comforts:sleeping_bag_white":3,"minecraft:spruce_planks":2,"minecraft:beef":13,"minecraft:cobblestone_slab":1,"valhelsia_structures:doused_torch":1,"alexsmobs:raccoon_tail":1,"minecraft:chest":2,"minecraft:egg":4,"minecraft:raw_iron":126,"regions_unexplored:day_lily":2,"farmersdelight:minced_beef":12,"minecraft:torch":4,"farmersdelight:chicken_cuts":2,"minecraft:redstone":22,"minecraft:cauldron":1,"regions_unexplored:redstone_bulb":8,"regions_unexplored:mauve_log":6,"minecraft:hay_block":30,"everlastingabilities:ability_bottle":1,"minecraft:mutton":2,"minecraft:skeleton_skull":6,"minecraft:white_wool":5,"minecraft:cobblestone":98,"minecraft:sponge":2,"minecraft:stripped_oak_log":4,"minecraft:feather":2,"minecraft:leather":4,"minecraft:smoker":1,"minecraft:flint":1,"minecraft:oak_log":15,"minecraft:dirt":2,"minecraft:lantern":1,"minecraft:white_banner":3,"farmersdelight:mutton_chops":4,"minecraft:bone":6,"minecraft:stone_bricks":16,"minecraft:wheat_seeds":9,"farmersdelight:pumpkin_slice":52,"minecraft:stone_pickaxe":1,"minecraft:mossy_stone_bricks":2,"minecraft:rabbit":1,"minecraft:oak_planks":5,"regions_unexplored:white_magnolia_sapling":5,"minecraft:pumpkin":14,"minecraft:stone_brick_slab":1,"minecraft:gravel":6,"minecraft:sand":25,"minecraft:blast_furnace":1,"minecraft:spruce_log":3,"minecraft:barrel":2,"wom:netherite_chains":2,"waystones:waystone":1,"minecraft:grass":1,"minecraft:bone_meal":1,"minecraft:oak_sapling":1,"minecraft:coal":218},"minecraft:broken":{"minecraft:stone_pickaxe":1,"minecraft:iron_pickaxe":1}},"DataVersion":3465}