{"stats":{"minecraft:picked_up":{"minecraft:wooden_axe":1,"minecraft:wheat":5,"minecraft:iron_chestplate":1,"minecraft:crafting_table":4,"minecraft:black_carpet":2,"minecraft:chicken":4,"minecraft:rabbit_stew":2,"regions_unexplored:magnolia_log":21,"minecraft:leather_leggings":1,"minecraft:brown_mushroom":7,"minecraft:lead":2,"minecraft:wooden_pickaxe":1,"minecraft:cooked_rabbit":1,"minecraft:diamond_horse_armor":2,"minecraft:chain":2,"regions_unexplored:magnolia_shrub":3,"farmersdelight:cutting_board":1,"minecraft:string":13,"minecraft:armor_stand":2,"minecraft:iron_shovel":1,"minecraft:cracked_stone_bricks":4,"farmersdelight:beef_patty":12,"minecraft:bucket":1,"comforts:sleeping_bag_white":4,"minecraft:spruce_planks":2,"minecraft:beef":15,"minecraft:cobblestone_slab":2,"valhelsia_structures:doused_torch":1,"alexsmobs:raccoon_tail":1,"minecraft:coal_block":14,"minecraft:chest":5,"minecraft:spruce_trapdoor":4,"minecraft:furnace":1,"minecraft:egg":4,"minecraft:stick":1,"minecraft:raw_iron":126,"regions_unexplored:day_lily":4,"farmersdelight:minced_beef":12,"minecraft:brown_terracotta":9,"minecraft:torch":28,"minecraft:spruce_stairs":1,"farmersdelight:tomato_seeds":2,"farmersdelight:chicken_cuts":2,"minecraft:redstone":22,"minecraft:light_blue_bed":2,"minecraft:iron_horse_armor":1,"minecraft:cauldron":2,"minecraft:arrow":1,"regions_unexplored:redstone_bulb":8,"valhelsia_structures:brazier":3,"farmersdelight:onion":3,"regions_unexplored:mauve_log":6,"minecraft:hay_block":46,"everlastingabilities:ability_bottle":1,"minecraft:mutton":2,"regions_unexplored:magnolia_sapling":1,"minecraft:skeleton_skull":6,"minecraft:white_wool":7,"minecraft:cobblestone":163,"minecraft:stripped_oak_log":4,"minecraft:sponge":4,"minecraft:feather":4,"minecraft:leather":7,"minecraft:smoker":2,"paraglider:spirit_orb":2,"minecraft:flint":2,"minecraft:oak_log":15,"evilcraft:flesh_humanoid":1,"minecraft:gunpowder":6,"minecraft:dirt":3,"minecraft:lantern":2,"minecraft:white_banner":5,"farmersdelight:mutton_chops":4,"minecraft:leather_boots":2,"minecraft:glass":1,"minecraft:bone":17,"minecraft:apple":7,"minecraft:stone_bricks":16,"regions_unexplored:magnolia_planks":24,"minecraft:wheat_seeds":9,"farmersdelight:pumpkin_slice":52,"minecraft:stone_pickaxe":1,"minecraft:mossy_stone_bricks":3,"minecraft:rabbit":1,"minecraft:oak_planks":22,"minecraft:book":18,"minecraft:milk_bucket":4,"regions_unexplored:white_magnolia_sapling":11,"minecraft:pumpkin":15,"patchouli:guide_book":1,"minecraft:stone_brick_slab":2,"minecraft:gravel":17,"minecraft:sand":25,"minecraft:blast_furnace":1,"minecraft:spruce_log":3,"alexsmobs:animal_dictionary":1,"minecraft:spruce_door":1,"minecraft:barrel":4,"wom:netherite_chains":2,"waystones:waystone":3,"minecraft:iron_helmet":1,"minecraft:grass":1,"minecraft:bone_meal":2,"minecraft:emerald":1,"minecraft:chainmail_helmet":2,"minecraft:golden_horse_armor":1,"minecraft:bread":7,"minecraft:oak_sapling":4,"minecraft:coal":346},"minecraft:killed":{"alexsmobs:raccoon":4,"naturalist:robin":1,"alexsmobs:tasmanian_devil":1,"naturalist:snail":1,"minecraft:chicken":4,"spawn:ant":2,"minecraft:rabbit":1,"minecraft:sheep":1,"minecraft:pillager":3,"minecraft:zombie":4,"minecraft:cow":6},"minecraft:dropped":{"wom:netherite_chains":1,"minecraft:diamond_horse_armor":2,"minecraft:chain":1,"minecraft:iron_nugget":1,"minecraft:stone_pickaxe":1},"minecraft:custom":{"minecraft:mob_kills":28,"minecraft:animals_bred":3,"minecraft:interact_with_crafting_table":38,"minecraft:open_barrel":100,"minecraft:eat_cake_slice":5,"minecraft:leave_game":5,"minecraft:time_since_death":78791,"minecraft:climb_one_cm":24802,"minecraft:sprint_one_cm":708030,"minecraft:walk_one_cm":1036485,"minecraft:drop":6,"minecraft:play_time":219052,"minecraft:sneak_time":5237,"minecraft:deaths":3,"minecraft:walk_under_water_one_cm":29061,"minecraft:jump":3973,"minecraft:interact_with_blast_furnace":1,"minecraft:walk_on_water_one_cm":106130,"minecraft:total_world_time":219052,"minecraft:interact_with_furnace":69,"minecraft:sleep_in_bed":8,"minecraft:waystone_activated":4,"minecraft:time_since_rest":19616,"minecraft:damage_taken":2170,"minecraft:damage_dealt":3107,"minecraft:swim_one_cm":297806,"minecraft:fly_one_cm":1060830,"minecraft:open_chest":99,"minecraft:crouch_one_cm":19250,"minecraft:interact_with_smoker":12,"minecraft:fall_one_cm":89304,"minecraft:horse_one_cm":18618},"minecraft:broken":{"minecraft:stone_pickaxe":1,"minecraft:iron_pickaxe":1},"minecraft:killed_by":{"minecraft:creeper":1,"minecraft:pillager":1},"minecraft:crafted":{"minecraft:oak_planks":76,"aether:iron_ring":2,"minecraft:iron_nugget":1,"comforts:sleeping_bag_white":1,"minecraft:cooked_chicken":3,"minecraft:furnace":1,"minecraft:stone":12,"minecraft:bone_meal":18,"minecraft:glass":25,"regions_unexplored:mauve_planks":24,"minecraft:iron_boots":1,"minecraft:iron_axe":1,"farmersdelight:cooked_chicken_cuts":2,"minecraft:iron_hoe":1,"minecraft:stone_pickaxe":1,"minecraft:chest":4,"minecraft:stone_bricks":12,"regions_unexplored:magnolia_planks":84,"minecraft:cooked_rabbit":1,"minecraft:wheat":270,"farmersdelight:cooked_mutton_chops":4,"minecraft:spruce_planks":12,"farmersdelight:iron_knife":1,"travelersbackpack:backpack_tank":4,"minecraft:wooden_pickaxe":1,"minecraft:iron_helmet":1,"minecraft:iron_sword":1,"minecraft:bucket":4,"minecraft:air":0,"minecraft:bread":90,"farmersdelight:beef_patty":12,"aether:iron_gloves":1,"farmersdelight:cutting_board":1,"minecraft:iron_chestplate":2,"minecraft:shield":2,"minecraft:stick":52,"minecraft:iron_ingot":126,"minecraft:iron_pickaxe":2,"minecraft:wooden_axe":1,"minecraft:iron_shovel":1,"minecraft:iron_leggings":1,"minecraft:torch":48,"minecraft:shears":1},"minecraft:mined":{"regions_unexplored:magnolia_log":21,"minecraft:spruce_trapdoor":4,"minecraft:grass_block":2,"minecraft:coal_block":14,"regions_unexplored:magnolia_leaves":2,"minecraft:spawner":1,"comforts:sleeping_bag_white":2,"minecraft:hay_block":46,"minecraft:furnace":1,"minecraft:iron_ore":126,"minecraft:barrel":4,"minecraft:pumpkin":14,"realmrpg_skeletons:rookie_skeleton":2,"minecraft:bookshelf":6,"minecraft:water_cauldron":1,"minecraft:stripped_oak_log":4,"regions_unexplored:medium_grass":44,"minecraft:stone":87,"regions_unexplored:day_lily":2,"regions_unexplored:redstone_bulb":8,"valhelsia_structures:doused_wall_torch":1,"minecraft:scaffolding":1,"minecraft:brown_mushroom":4,"minecraft:smoker":2,"minecraft:stone_brick_slab":1,"minecraft:spruce_door":1,"minecraft:crafting_table":3,"minecraft:torch":3,"minecraft:blast_furnace":1,"minecraft:sponge":2,"regions_unexplored:pink_magnolia_leaves":7,"minecraft:chest":5,"minecraft:mushroom_stem":1,"minecraft:cobblestone":2,"regions_unexplored:mauve_log":6,"minecraft:oak_planks":4,"minecraft:wall_torch":1,"mca:cross_headstone":1,"valhelsia_structures:brazier":3,"minecraft:skeleton_skull":1,"minecraft:spruce_stairs":1,"minecraft:seagrass":1,"minecraft:chain":1,"realmrpg_skeletons:bow_skeleton":3,"valhelsia_structures:bone_pile":3,"minecraft:light_blue_bed":2,"regions_unexplored:redstone_bud":14,"regions_unexplored:mauve_leaves":1,"minecraft:white_wall_banner":2,"minecraft:grass":52,"minecraft:coal_ore":218,"regions_unexplored:magnolia_shrub":3,"minecraft:gravel":12,"minecraft:sand":25,"minecraft:dirt":1,"minecraft:cobweb":3,"minecraft:brown_terracotta":9,"minecraft:cracked_stone_bricks":2,"minecraft:stone_bricks":16,"minecraft:mossy_stone_bricks":2,"minecraft:oak_leaves":3},"minecraft:used":{"minecraft:iron_shovel":45,"minecraft:flint_and_steel":1,"minecraft:chest":6,"minecraft:iron_sword":12,"minecraft:grass":1,"minecraft:cooked_chicken":3,"simpletomb:grave_key":3,"minecraft:torch":8,"minecraft:dirt":1,"minecraft:milk_bucket":1,"minecraft:iron_hoe":125,"minecraft:wooden_axe":13,"minecraft:iron_axe":119,"minecraft:light_blue_bed":1,"minecraft:barrel":2,"minecraft:stone_bricks":28,"minecraft:rabbit_stew":2,"farmersdelight:cutting_board":1,"minecraft:beef":2,"minecraft:furnace":2,"farmersdelight:cooked_mutton_chops":4,"comforts:sleeping_bag_white":4,"valhelsia_structures:brazier":2,"minecraft:beetroot_soup":1,"farmersdelight:iron_knife":5,"minecraft:mossy_stone_bricks":1,"minecraft:stone_pickaxe":131,"minecraft:oak_planks":50,"minecraft:wooden_pickaxe":34,"farmersdelight:pumpkin_slice":52,"minecraft:crafting_table":2,"regions_unexplored:magnolia_planks":20,"minecraft:smoker":1,"minecraft:shears":1,"waystones:waystone":3,"minecraft:apple":2,"minecraft:bread":13,"farmersdelight:cooked_chicken_cuts":2,"minecraft:iron_pickaxe":370,"valhelsia_structures:doused_torch":1,"minecraft:cobblestone":1,"minecraft:cooked_rabbit":1,"alexsmobs:animal_dictionary":1}},"DataVersion":3465}