{"stats":{"minecraft:killed_by":{"minecraft:pillager":4,"mythicmounts:dragon":1,"minecraft:skeleton":1},"minecraft:custom":{"minecraft:interact_with_crafting_table":14,"minecraft:open_barrel":59,"minecraft:eat_cake_slice":1,"minecraft:leave_game":15,"minecraft:time_since_death":351234,"minecraft:sprint_one_cm":1525415,"minecraft:damage_blocked_by_shield":4425,"minecraft:drop":49,"minecraft:play_noteblock":1,"minecraft:play_time":492488,"minecraft:deaths":6,"minecraft:jump":4298,"minecraft:walk_on_water_one_cm":49938,"minecraft:interact_with_furnace":10,"minecraft:interact_with_cartography_table":1,"minecraft:sleep_in_bed":24,"minecraft:waystone_activated":3,"minecraft:damage_dealt":6290,"minecraft:crouch_one_cm":231927,"minecraft:inspect_dispenser":1,"minecraft:interact_with_smithing_table":5,"minecraft:mob_kills":37,"minecraft:interact_with_anvil":1,"minecraft:climb_one_cm":156120,"minecraft:walk_one_cm":3013990,"minecraft:damage_dealt_absorbed":84,"minecraft:sneak_time":35944,"minecraft:walk_under_water_one_cm":16228,"minecraft:interact_with_blast_furnace":1,"minecraft:total_world_time":492488,"minecraft:time_since_rest":17176,"minecraft:damage_taken":3070,"minecraft:use_wand":225,"minecraft:swim_one_cm":75807,"minecraft:fly_one_cm":1801687,"minecraft:open_chest":218,"minecraft:fall_one_cm":209},"minecraft:killed":{"mythicmounts:dragon":1,"minecraft:spider":1,"naturalist:robin":1,"minecraft:silverfish":2,"spawn:ant":6,"minecraft:pig":3,"minecraft:pillager":11,"minecraft:zombie":3,"minecraft:cow":1,"alexsmobs:raccoon":1,"alexsmobs:crow":4},"minecraft:broken":{"minecraft:iron_shovel":1,"minecraft:wooden_pickaxe":1},"minecraft:crafted":{"minecraft:oak_planks":28,"minecraft:diamond_shovel":1,"minecraft:iron_bars":16,"minecraft:shield":1,"travelersbackpack:iron_golem":1,"minecraft:stick":24,"minecraft:iron_ingot":18,"securitycraft:sc_manual":1,"minecraft:red_terracotta":64,"minecraft:stone_pickaxe":2,"minecraft:red_dye":128,"minecraft:air":0,"minecraft:torch":84},"minecraft:mined":{"minecraft:spruce_planks":55,"regions_unexplored:maple_log":7,"minecraft:obsidian":4,"minecraft:spruce_trapdoor":2,"minecraft:granite":22,"minecraft:grass_block":408,"minecraft:light_gray_bed":1,"regions_unexplored:purple_coneflower":22,"minecraft:composter":1,"minecraft:smooth_stone":2,"epicsamurai:deepslate_jade_ore":5,"minecraft:magma_block":4,"minecraft:glowstone":27,"minecraft:dark_oak_trapdoor":9,"minecraft:iron_ore":8,"minecraft:barrel":3,"minecraft:fire":1,"regions_unexplored:mossy_stone":9,"minecraft:pumpkin":2,"diagonalfences:minecraft/spruce_fence":50,"minecraft:dirt_path":12,"minecraft:oak_stairs":6,"epicsamurai:deepslate_silver_ore":5,"minecraft:potted_cornflower":3,"minecraft:iron_block":2,"minecraft:spruce_slab":44,"minecraft:orange_bed":4,"minecraft:jungle_trapdoor":20,"minecraft:deepslate_redstone_ore":13,"minecraft:red_bed":1,"minecraft:blackstone":2,"minecraft:note_block":1,"minecraft:torch":14,"minecraft:jungle_stairs":5,"regions_unexplored:cobalt_webbing":2,"minecraft:chest":5,"minecraft:cobblestone":1,"minecraft:cyan_bed":5,"minecraft:grindstone":1,"minecraft:sugar_cane":1,"minecraft:oak_planks":7,"minecraft:bricks":81,"minecraft:wall_torch":17,"minecraft:stone_stairs":1,"minecraft:chain":5,"regions_unexplored:hyssop":1,"minecraft:light_gray_glazed_terracotta":1,"minecraft:birch_log":15,"minecraft:lilac":1,"minecraft:wither_rose":1,"minecraft:grass":75,"minecraft:oak_log":31,"minecraft:acacia_fence":8,"minecraft:sand":2,"minecraft:dirt":290,"minecraft:oak_leaves":5,"minecraft:deepslate":13,"minecraft:quartz_stairs":3,"minecraft:deepslate_diamond_ore":1,"minecraft:ladder":4,"minecraft:purple_terracotta":2,"minecraft:spruce_fence":49,"minecraft:weeping_vines":1,"regions_unexplored:maple_leaves":1,"minecraft:spruce_leaves":1,"minecraft:acacia_slab":42,"valhelsia_structures:brown_sleeping_bag":8,"minecraft:hay_block":7,"minecraft:carrots":2,"minecraft:acacia_stairs":8,"minecraft:orange_stained_glass_pane":8,"minecraft:gold_block":2,"minecraft:bell":1,"minecraft:cyan_concrete":1,"minecraft:vine":1,"minecraft:lantern":31,"minecraft:stripped_acacia_log":154,"regions_unexplored:medium_grass":55,"minecraft:stone":181,"valhelsia_structures:doused_wall_torch":4,"minecraft:pink_terracotta":8,"minecraft:oak_slab":1,"valhelsia_structures:unlit_lantern":1,"minecraft:redstone_block":1,"minecraft:red_wool":1,"minecraft:spruce_door":6,"minecraft:crafting_table":2,"minecraft:emerald_ore":9,"regions_unexplored:pink_magnolia_leaves":2,"minecraft:andesite_slab":1,"minecraft:lectern":2,"minecraft:campfire":1,"minecraft:stone_slab":6,"valhelsia_structures:bundled_stripped_oak_posts":2,"minecraft:diorite":34,"projecte:transmutation_table":1,"minecraft:birch_planks":4,"minecraft:red_terracotta":2,"minecraft:magenta_terracotta":1,"minecraft:sweet_berry_bush":1,"minecraft:spruce_log":7,"minecraft:birch_leaves":4,"minecraft:quartz_pillar":7,"minecraft:coal_ore":44,"minecraft:gravel":2,"valhelsia_structures:cut_oak_post":1,"minecraft:cracked_stone_bricks":2,"minecraft:terracotta":222,"minecraft:stone_bricks":9,"minecraft:mossy_stone_bricks":2,"minecraft:chipped_anvil":1,"minecraft:fern":2},"minecraft:dropped":{"minecraft:diamond":2,"minecraft:dirt":376,"constructionwand:diamond_wand":1,"securitycraft:reinforced_stone_bricks":1,"minecraft:pink_terracotta":8,"simplyswords:runic_tablet":1,"minecraft:obsidian":8,"minecraft:rotten_flesh":2,"minecraft:glowstone_dust":71,"minecraft:jungle_trapdoor":5,"minecraft:cyan_concrete":1,"minecraft:bread":11,"minecraft:purple_terracotta":1,"minecraft:feather":11,"minecraft:iron_helmet":1,"minecraft:apple":2,"minecraft:coal":2,"minecraft:torch":3,"minecraft:rose_bush":1,"minecraft:pumpkin":1,"securitycraft:sc_manual":1,"minecraft:spruce_fence":1,"minecraft:pumpkin_seeds":3,"minecraft:flower_pot":1,"aether:iron_gloves":1,"minecraft:spruce_trapdoor":2,"valhelsia_structures:brown_sleeping_bag":2,"minecraft:magenta_terracotta":1},"minecraft:used":{"minecraft:iron_shovel":255,"minecraft:ladder":4,"minecraft:chest":3,"minecraft:shield":40,"minecraft:iron_sword":4,"minecraft:quartz_stairs":4,"mob_catcher:diamond_mob_catcher":1,"minecraft:carrot":3,"minecraft:bricks":16,"minecraft:quartz_pillar":6,"minecraft:lantern":74,"epicfight:skillbook":1,"minecraft:diorite":6,"minecraft:stripped_acacia_log":118,"minecraft:stone_pickaxe":37,"minecraft:oak_planks":40,"minecraft:blackstone":2,"minecraft:wooden_pickaxe":63,"travelersbackpack:iron_golem":1,"minecraft:diamond_axe":531,"minecraft:sand":71,"securitycraft:universal_block_remover":1,"minecraft:purple_terracotta":2,"waystones:waystone":2,"projecte:transmutation_table":2,"minecraft:bread":39,"minecraft:cyan_bed":4,"minecraft:red_terracotta":22,"minecraft:gravel":2,"securitycraft:reinforced_stripped_acacia_log":1,"minecraft:chain":7,"projecte:dm_shovel":363,"minecraft:stone_sword":18,"minecraft:spruce_planks":88,"minecraft:cooked_chicken":4,"simpletomb:grave_key":6,"minecraft:orange_bed":3,"minecraft:torch":97,"minecraft:dirt":987,"minecraft:spruce_fence":110,"minecraft:granite":2,"minecraft:magenta_terracotta":1,"constructionwand:diamond_wand":21,"minecraft:cooked_beef":8,"minecraft:light_gray_bed":1,"minecraft:water_bucket":2,"minecraft:birch_planks":3,"minecraft:terracotta":141,"minecraft:red_bed":1,"minecraft:diamond_pickaxe":577,"minecraft:apple":37,"minecraft:diamond_shovel":326,"minecraft:iron_pickaxe":115,"valhelsia_structures:brown_sleeping_bag":9,"minecraft:stone_axe":37,"minecraft:cobblestone":81,"minecraft:cooked_porkchop":3,"minecraft:bucket":3,"alexsmobs:animal_dictionary":1,"minecraft:smooth_stone":10,"epicfight:uchigatana":149},"minecraft:picked_up":{"minecraft:iron_chestplate":1,"minecraft:wheat":1,"minecraft:redstone_block":2,"constructionwand:diamond_wand":2,"minecraft:flower_pot":4,"minecraft:stone_slab":11,"aether:iron_gloves":4,"minecraft:oak_stairs":6,"minecraft:wither_rose":1,"minecraft:dark_oak_trapdoor":9,"minecraft:string":6,"minecraft:iron_leggings":1,"minecraft:armor_stand":4,"minecraft:cobbled_deepslate":13,"minecraft:smooth_stone":1,"securitycraft:reinforced_spruce_planks":1,"minecraft:spruce_planks":14,"minecraft:rose_bush":4,"minecraft:iron_boots":1,"minecraft:stick":24,"minecraft:acacia_fence":1,"minecraft:composter":1,"minecraft:torch":32,"minecraft:porkchop":5,"minecraft:diorite":21,"minecraft:pink_terracotta":8,"minecraft:orange_bed":4,"minecraft:rotten_flesh":4,"simplyswords:diamond_warglaive":1,"minecraft:stone_sword":1,"minecraft:light_gray_bed":1,"minecraft:honey_bottle":16,"minecraft:iron_block":2,"minecraft:obsidian":8,"minecraft:cobblestone":149,"minecraft:birch_log":17,"minecraft:magma_block":2,"minecraft:feather":8,"minecraft:lilac":1,"minecraft:flint":1,"minecraft:magenta_terracotta":2,"minecraft:dirt":699,"minecraft:lantern":55,"minecraft:bone":5,"minecraft:chipped_anvil":1,"minecraft:wheat_seeds":21,"minecraft:raw_gold":1,"minecraft:bell":1,"everlastingabilities:ability_totem":1,"minecraft:grindstone":1,"projecte:dm_shovel":1,"minecraft:glowstone_dust":71,"minecraft:cyan_concrete":1,"minecraft:oak_planks":7,"epicsamurai:raw_silver":5,"valhelsia_structures:cut_oak_post":2,"minecraft:sand":323,"minecraft:cyan_bed":5,"minecraft:red_terracotta":2,"minecraft:barrel":2,"minecraft:mossy_cobblestone":8,"securitycraft:universal_block_remover":1,"minecraft:stripped_acacia_log":87,"regions_unexplored:hyssop":1,"minecraft:diamond":1,"waystones:waystone":1,"minecraft:granite":11,"minecraft:bread":26,"minecraft:spruce_button":2,"minecraft:emerald":9,"projecte:transmutation_table":1,"minecraft:oak_sapling":5,"valhelsia_structures:unlit_lantern":1,"minecraft:bricks":81,"minecraft:andesite_slab":2,"minecraft:diamond_pickaxe":1,"minecraft:crafting_table":2,"minecraft:ladder":121,"minecraft:brown_mushroom":2,"minecraft:gold_block":2,"valhelsia_structures:brown_sleeping_bag":11,"minecraft:chain":5,"minecraft:shield":1,"minecraft:cornflower":3,"minecraft:jungle_trapdoor":20,"minecraft:red_bed":1,"minecraft:stone_stairs":1,"epicsamurai:jade":5,"minecraft:item_frame":1,"minecraft:blackstone":3,"securitycraft:reinforced_stripped_acacia_log":4,"simplyswords:runic_tablet":1,"minecraft:beef":2,"valhelsia_structures:doused_torch":4,"minecraft:spruce_slab":24,"minecraft:lectern":2,"minecraft:quartz_stairs":3,"minecraft:chest":5,"minecraft:birch_sapling":2,"minecraft:spruce_trapdoor":2,"minecraft:raw_iron":8,"mob_catcher:diamond_mob_catcher":1,"minecraft:spruce_fence":92,"minecraft:quartz_pillar":9,"minecraft:carrot":6,"minecraft:redstone":57,"minecraft:purple_terracotta":3,"regions_unexplored:purple_coneflower":118,"minecraft:arrow":3,"regions_unexplored:maple_sapling":3,"minecraft:jungle_stairs":5,"minecraft:hay_block":6,"securitycraft:reinforced_stone_bricks":1,"everlastingabilities:ability_bottle":1,"minecraft:gold_ingot":1,"minecraft:clock":1,"minecraft:leather":1,"minecraft:birch_planks":3,"securitycraft:sc_manual":1,"minecraft:oak_log":32,"relics:midnight_robe":1,"minecraft:light_gray_glazed_terracotta":1,"minecraft:iron_ingot":5,"securitycraft:universal_block_reinforcer_lvl1":1,"minecraft:pumpkin":1,"minecraft:sweet_berries":3,"minecraft:gravel":1,"minecraft:spruce_sapling":1,"minecraft:spruce_log":7,"minecraft:spider_eye":1,"minecraft:spruce_door":6,"minecraft:iron_helmet":4,"regions_unexplored:maple_log":7,"minecraft:terracotta":221,"minecraft:acacia_slab":6,"minecraft:coal":50}},"DataVersion":3465}