{"stats":{"minecraft:crafted":{"minecraft:oak_planks":28,"minecraft:diamond_shovel":1,"minecraft:iron_bars":16,"minecraft:arrow":192,"minecraft:emerald":51,"minecraft:polished_andesite_stairs":84,"minecraft:shield":1,"travelersbackpack:iron_golem":1,"minecraft:stick":24,"minecraft:iron_ingot":18,"securitycraft:sc_manual":1,"minecraft:red_terracotta":64,"minecraft:stone_pickaxe":2,"minecraft:red_dye":128,"minecraft:crossbow":10,"minecraft:air":0,"minecraft:torch":84},"minecraft:killed":{"mythicmounts:dragon":1,"minecraft:spider":4,"naturalist:robin":1,"naturalist:snail":1,"minecraft:skeleton":9,"minecraft:bee":5,"minecraft:silverfish":2,"spawn:ant":6,"minecraft:piglin":1,"minecraft:pig":3,"minecraft:pillager":16,"minecraft:zombie":10,"minecraft:cow":1,"mca:male_zombie_villager":1,"alexsmobs:raccoon":1,"alexsmobs:crow":4,"minecraft:player":1,"minecraft:enderman":1},"minecraft:broken":{"minecraft:iron_shovel":1,"minecraft:wooden_pickaxe":1},"minecraft:killed_by":{"minecraft:creeper":1,"minecraft:pillager":5,"minecraft:drowned":1,"mythicmounts:dragon":1,"minecraft:skeleton":2},"minecraft:dropped":{"minecraft:diamond":2,"minecraft:quartz_pillar":176,"minecraft:emerald":10,"minecraft:dirt":376,"constructionwand:diamond_wand":1,"securitycraft:reinforced_stone_bricks":1,"minecraft:pink_terracotta":8,"simplyswords:runic_tablet":1,"minecraft:obsidian":8,"minecraft:rotten_flesh":2,"minecraft:glowstone_dust":71,"minecraft:jungle_trapdoor":5,"minecraft:cyan_concrete":1,"minecraft:beef":1,"minecraft:bread":19,"minecraft:purple_terracotta":1,"minecraft:smooth_quartz_stairs":64,"minecraft:feather":11,"minecraft:iron_helmet":1,"minecraft:apple":2,"minecraft:chainmail_helmet":1,"minecraft:coal":2,"minecraft:torch":3,"minecraft:rose_bush":1,"minecraft:pumpkin":1,"securitycraft:sc_manual":1,"minecraft:tripwire_hook":128,"minecraft:spruce_fence":1,"minecraft:pumpkin_seeds":3,"minecraft:flower_pot":1,"aether:iron_gloves":1,"minecraft:spruce_trapdoor":2,"minecraft:quartz_stairs":128,"valhelsia_structures:brown_sleeping_bag":2,"minecraft:magenta_terracotta":1},"minecraft:mined":{"minecraft:spruce_planks":55,"regions_unexplored:maple_log":7,"regions_unexplored:magnolia_log":26,"minecraft:obsidian":4,"minecraft:spruce_trapdoor":2,"minecraft:granite":22,"minecraft:grass_block":409,"minecraft:light_gray_bed":1,"regions_unexplored:purple_coneflower":22,"minecraft:composter":1,"minecraft:spawner":2,"minecraft:smooth_stone":15,"epicsamurai:deepslate_jade_ore":5,"minecraft:magma_block":4,"minecraft:glowstone":27,"minecraft:dark_oak_trapdoor":9,"minecraft:iron_ore":8,"minecraft:fire":1,"minecraft:barrel":3,"regions_unexplored:mossy_stone":9,"minecraft:pumpkin":2,"minecraft:brown_bed":1,"diagonalfences:minecraft/spruce_fence":58,"minecraft:dirt_path":12,"minecraft:oak_stairs":6,"epicsamurai:deepslate_silver_ore":5,"minecraft:spruce_wood":2,"minecraft:potted_cornflower":3,"minecraft:iron_block":2,"minecraft:spruce_slab":44,"minecraft:orange_bed":4,"minecraft:jungle_trapdoor":20,"minecraft:deepslate_redstone_ore":13,"minecraft:red_bed":1,"minecraft:blackstone":2,"minecraft:torch":17,"minecraft:note_block":1,"minecraft:jungle_stairs":5,"regions_unexplored:cobalt_webbing":2,"minecraft:polished_andesite_stairs":9,"minecraft:chest":5,"minecraft:mushroom_stem":5,"minecraft:cobblestone":1,"minecraft:cyan_bed":5,"minecraft:grindstone":1,"minecraft:sugar_cane":1,"minecraft:oak_planks":7,"minecraft:bricks":81,"minecraft:wall_torch":18,"regions_unexplored:tsubaki":3,"minecraft:stone_stairs":1,"minecraft:chain":5,"regions_unexplored:hyssop":1,"valhelsia_structures:bone_pile":1,"realmrpg_skeletons:bow_skeleton":1,"minecraft:light_gray_glazed_terracotta":1,"minecraft:birch_log":15,"minecraft:lilac":1,"minecraft:wither_rose":1,"minecraft:grass":82,"minecraft:oak_log":38,"minecraft:acacia_fence":8,"minecraft:sand":2,"minecraft:dirt":374,"minecraft:oak_leaves":28,"minecraft:deepslate":13,"minecraft:quartz_stairs":3,"minecraft:deepslate_diamond_ore":1,"regions_unexplored:oak_branch":2,"minecraft:ladder":4,"minecraft:purple_terracotta":2,"minecraft:spruce_fence":49,"minecraft:weeping_vines":1,"regions_unexplored:maple_leaves":1,"regions_unexplored:magnolia_leaves":33,"minecraft:spruce_leaves":1,"minecraft:acacia_slab":42,"valhelsia_structures:brown_sleeping_bag":8,"minecraft:hay_block":7,"minecraft:carrots":2,"minecraft:acacia_stairs":8,"minecraft:orange_stained_glass_pane":8,"minecraft:gold_block":2,"minecraft:bell":1,"minecraft:cyan_concrete":1,"minecraft:vine":1,"minecraft:lantern":31,"minecraft:stripped_acacia_log":154,"regions_unexplored:medium_grass":60,"minecraft:smooth_quartz_stairs":52,"minecraft:stone":181,"valhelsia_structures:doused_wall_torch":4,"minecraft:pink_terracotta":8,"minecraft:oak_slab":1,"valhelsia_structures:unlit_lantern":1,"minecraft:redstone_block":1,"minecraft:red_wool":1,"minecraft:stone_brick_slab":2,"minecraft:spruce_door":6,"minecraft:crafting_table":2,"minecraft:emerald_ore":9,"regions_unexplored:pink_magnolia_leaves":2,"minecraft:andesite_slab":1,"minecraft:lectern":2,"minecraft:campfire":1,"minecraft:stone_slab":6,"valhelsia_structures:bundled_stripped_oak_posts":2,"minecraft:diorite":34,"projecte:transmutation_table":1,"minecraft:birch_planks":4,"minecraft:red_terracotta":2,"minecraft:magenta_terracotta":1,"minecraft:sweet_berry_bush":1,"minecraft:spruce_log":7,"minecraft:birch_leaves":7,"minecraft:quartz_pillar":8,"minecraft:coal_ore":44,"minecraft:gravel":4,"valhelsia_structures:cut_oak_post":1,"minecraft:cracked_stone_bricks":3,"minecraft:terracotta":222,"minecraft:stone_bricks":10,"minecraft:polished_andesite":8,"minecraft:mossy_stone_bricks":2,"minecraft:chipped_anvil":1,"minecraft:fern":2},"minecraft:picked_up":{"minecraft:iron_chestplate":1,"minecraft:wheat":1,"minecraft:redstone_block":2,"constructionwand:diamond_wand":2,"minecraft:flower_pot":4,"regions_unexplored:magnolia_log":9,"minecraft:stone_slab":11,"aether:iron_gloves":4,"minecraft:oak_stairs":6,"minecraft:brown_bed":1,"minecraft:wither_rose":1,"minecraft:dark_oak_trapdoor":9,"minecraft:string":199,"minecraft:iron_leggings":1,"minecraft:armor_stand":4,"minecraft:diamond_leggings":1,"minecraft:smooth_stone":13,"minecraft:cobbled_deepslate":13,"securitycraft:reinforced_spruce_planks":1,"minecraft:spruce_planks":14,"minecraft:rose_bush":4,"minecraft:smooth_quartz_stairs":178,"minecraft:iron_boots":1,"minecraft:stick":162,"minecraft:acacia_fence":1,"minecraft:composter":1,"minecraft:torch":164,"epicfight:skillbook":1,"minecraft:porkchop":5,"minecraft:diorite":21,"minecraft:pink_terracotta":8,"minecraft:orange_bed":4,"minecraft:rotten_flesh":9,"simplyswords:diamond_warglaive":1,"minecraft:stone_sword":1,"minecraft:honey_bottle":16,"minecraft:light_gray_bed":1,"regions_unexplored:tsubaki":1,"minecraft:iron_block":2,"minecraft:obsidian":8,"minecraft:cobblestone":149,"minecraft:birch_log":17,"minecraft:magma_block":2,"minecraft:feather":8,"minecraft:lilac":1,"paraglider:spirit_orb":4,"minecraft:flint":1,"minecraft:lapis_lazuli":64,"minecraft:lantern":55,"minecraft:magenta_terracotta":2,"minecraft:dirt":837,"minecraft:bone":16,"minecraft:chipped_anvil":1,"minecraft:bow":2,"minecraft:wheat_seeds":21,"minecraft:raw_gold":1,"minecraft:bell":1,"everlastingabilities:ability_totem":2,"minecraft:grindstone":1,"projecte:dm_shovel":1,"minecraft:diamond_helmet":1,"minecraft:glowstone_dust":71,"minecraft:cyan_concrete":1,"epicsamurai:raw_silver":5,"minecraft:oak_planks":7,"minecraft:sand":323,"valhelsia_structures:cut_oak_post":2,"securitycraft:reinforced_stone":384,"minecraft:cyan_bed":5,"minecraft:red_terracotta":2,"minecraft:barrel":2,"minecraft:mossy_cobblestone":8,"securitycraft:universal_block_remover":1,"minecraft:stripped_acacia_log":87,"minecraft:polished_andesite":4,"regions_unexplored:hyssop":2,"minecraft:diamond":1,"waystones:waystone":1,"minecraft:granite":11,"minecraft:golden_apple":8,"minecraft:bread":26,"minecraft:spruce_button":2,"projecte:transmutation_table":1,"minecraft:emerald":20,"minecraft:oak_sapling":5,"valhelsia_structures:unlit_lantern":1,"minecraft:bricks":81,"minecraft:andesite_slab":2,"minecraft:diamond_pickaxe":1,"minecraft:crafting_table":2,"minecraft:ladder":121,"minecraft:brown_mushroom":2,"minecraft:gold_block":2,"valhelsia_structures:brown_sleeping_bag":11,"minecraft:chain":5,"minecraft:shield":1,"minecraft:cornflower":3,"minecraft:iron_axe":1,"minecraft:jungle_trapdoor":20,"minecraft:red_bed":1,"minecraft:stone_stairs":1,"epicsamurai:jade":5,"minecraft:item_frame":1,"minecraft:blackstone":3,"securitycraft:reinforced_stripped_acacia_log":4,"simplyswords:runic_tablet":1,"minecraft:beef":3,"valhelsia_structures:doused_torch":4,"minecraft:spruce_slab":24,"minecraft:lectern":2,"minecraft:quartz_stairs":131,"minecraft:chest":5,"minecraft:birch_sapling":2,"minecraft:spruce_trapdoor":2,"minecraft:raw_iron":8,"mob_catcher:diamond_mob_catcher":1,"minecraft:spruce_fence":99,"minecraft:quartz_pillar":202,"minecraft:carrot":6,"minecraft:redstone":57,"minecraft:purple_terracotta":3,"regions_unexplored:purple_coneflower":118,"minecraft:diamond_chestplate":1,"minecraft:arrow":7,"regions_unexplored:maple_sapling":3,"minecraft:jungle_stairs":5,"minecraft:diamond_boots":1,"minecraft:hay_block":6,"securitycraft:reinforced_stone_bricks":1,"everlastingabilities:ability_bottle":2,"minecraft:gold_ingot":1,"minecraft:air":0,"minecraft:clock":1,"minecraft:tripwire_hook":448,"minecraft:leather":1,"minecraft:birch_planks":3,"securitycraft:sc_manual":1,"minecraft:oak_log":33,"relics:midnight_robe":1,"minecraft:light_gray_glazed_terracotta":1,"minecraft:spruce_wood":2,"minecraft:iron_ingot":5,"securitycraft:universal_block_reinforcer_lvl1":1,"minecraft:polished_andesite_stairs":6,"minecraft:pumpkin":1,"minecraft:sweet_berries":3,"minecraft:stone_brick_slab":1,"minecraft:gravel":3,"minecraft:spruce_sapling":1,"minecraft:spruce_log":7,"minecraft:spruce_door":6,"minecraft:spider_eye":2,"minecraft:slime_ball":1,"minecraft:stone_axe":1,"minecraft:iron_helmet":4,"regions_unexplored:maple_log":7,"minecraft:terracotta":221,"minecraft:acacia_slab":6,"minecraft:coal":50},"minecraft:custom":{"minecraft:interact_with_crafting_table":20,"minecraft:open_barrel":74,"minecraft:eat_cake_slice":1,"minecraft:leave_game":18,"minecraft:time_since_death":11732,"minecraft:sprint_one_cm":1909885,"minecraft:damage_blocked_by_shield":4425,"minecraft:drop":72,"minecraft:play_noteblock":1,"minecraft:play_time":652734,"minecraft:deaths":10,"minecraft:jump":6057,"minecraft:walk_on_water_one_cm":64870,"minecraft:enchant_item":6,"minecraft:interact_with_furnace":10,"minecraft:traded_with_villager":73,"minecraft:interact_with_cartography_table":1,"minecraft:sleep_in_bed":27,"minecraft:waystone_activated":3,"minecraft:damage_dealt":13545,"minecraft:player_kills":1,"minecraft:crouch_one_cm":332785,"minecraft:inspect_dispenser":1,"minecraft:interact_with_smithing_table":5,"minecraft:mob_kills":72,"minecraft:interact_with_anvil":1,"minecraft:climb_one_cm":163254,"minecraft:walk_one_cm":3816951,"minecraft:damage_dealt_absorbed":264,"minecraft:sneak_time":52872,"minecraft:walk_under_water_one_cm":29669,"minecraft:interact_with_blast_furnace":1,"minecraft:total_world_time":652734,"minecraft:time_since_rest":11790,"minecraft:damage_taken":5111,"minecraft:damage_absorbed":52,"minecraft:use_wand":225,"minecraft:swim_one_cm":124325,"minecraft:fly_one_cm":3138170,"minecraft:open_chest":244,"minecraft:fall_one_cm":1145},"minecraft:used":{"minecraft:iron_shovel":255,"minecraft:ladder":4,"minecraft:chest":3,"minecraft:shield":40,"minecraft:iron_sword":4,"minecraft:quartz_stairs":4,"mob_catcher:diamond_mob_catcher":1,"minecraft:carrot":3,"minecraft:bricks":16,"minecraft:quartz_pillar":22,"minecraft:lantern":75,"minecraft:polished_andesite_stairs":49,"epicfight:skillbook":2,"minecraft:diorite":6,"minecraft:stripped_acacia_log":118,"minecraft:stone_pickaxe":37,"minecraft:oak_planks":40,"minecraft:blackstone":2,"minecraft:wooden_pickaxe":63,"travelersbackpack:iron_golem":1,"minecraft:diamond_axe":583,"minecraft:smooth_quartz_stairs":91,"minecraft:golden_apple":2,"minecraft:sand":71,"securitycraft:universal_block_remover":1,"minecraft:purple_terracotta":2,"waystones:waystone":2,"projecte:transmutation_table":2,"minecraft:cyan_bed":4,"minecraft:bread":68,"minecraft:red_terracotta":22,"minecraft:gravel":2,"securitycraft:reinforced_stripped_acacia_log":1,"minecraft:chain":7,"projecte:dm_shovel":363,"minecraft:stone_sword":18,"minecraft:spruce_planks":89,"minecraft:cooked_chicken":4,"simpletomb:grave_key":12,"minecraft:orange_bed":3,"minecraft:torch":104,"minecraft:dirt":1021,"minecraft:granite":2,"minecraft:spruce_fence":118,"minecraft:magenta_terracotta":1,"constructionwand:diamond_wand":21,"minecraft:cooked_beef":8,"minecraft:light_gray_bed":1,"minecraft:brown_bed":1,"minecraft:water_bucket":2,"minecraft:birch_planks":3,"minecraft:polished_andesite":84,"minecraft:terracotta":141,"securitycraft:reinforced_stone_bricks":512,"minecraft:red_bed":1,"minecraft:diamond_pickaxe":676,"minecraft:apple":37,"minecraft:diamond_shovel":390,"minecraft:iron_pickaxe":115,"valhelsia_structures:brown_sleeping_bag":9,"minecraft:stone_axe":37,"minecraft:cobblestone":81,"minecraft:cooked_porkchop":3,"minecraft:bucket":3,"alexsmobs:animal_dictionary":1,"epicfight:uchigatana":292,"minecraft:smooth_stone":49}},"DataVersion":3465}